normalized_string,normalized_translation_value, ,translation_memory_uuid,string_id,source_language,destination_language,webpage_id,request_url,website_id,date_inserted
Womens Hub - Unisync Group,Hub pour femmes — Unisync Group,5,40e8b0fa-e368-11e2-bd1c-123138171cec,536,en,fr,,http://frpurolator.unisyncgroupstores.com/Womens_Hub.7595.2.htm?CFID=11033&CFTOKEN=66b66f18c4093a0b-73D03EC6-A4B9-3A12-000C1E17C8E4A8B8&jsessionid=b030ae8a28bbd08564d23bf1c3b10346ae15,Purolator French,Mon Jul  1 12:05:06 2013
Logout,Fin de session,1,40e8b0fa-e368-11e2-bd1c-123138171cec,1,en,fr,,http://frpurolator.unisyncgroupstores.com/Womens_Hub.7595.2.htm?CFID=11033&CFTOKEN=66b66f18c4093a0b-73D03EC6-A4B9-3A12-000C1E17C8E4A8B8&jsessionid=b030ae8a28bbd08564d23bf1c3b10346ae15,Purolator French,Mon Jul  1 12:05:06 2013
|,|,0,40e8b0fa-e368-11e2-bd1c-123138171cec,2,en,fr,,http://frpurolator.unisyncgroupstores.com/Womens_Hub.7595.2.htm?CFID=11033&CFTOKEN=66b66f18c4093a0b-73D03EC6-A4B9-3A12-000C1E17C8E4A8B8&jsessionid=b030ae8a28bbd08564d23bf1c3b10346ae15,Purolator French,Mon Jul  1 12:05:06 2013
My Account,Mon compte,2,40e8b0fa-e368-11e2-bd1c-123138171cec,3,en,fr,,http://frpurolator.unisyncgroupstores.com/Womens_Hub.7595.2.htm?CFID=11033&CFTOKEN=66b66f18c4093a0b-73D03EC6-A4B9-3A12-000C1E17C8E4A8B8&jsessionid=b030ae8a28bbd08564d23bf1c3b10346ae15,Purolator French,Mon Jul  1 12:05:06 2013
Checkout,Passer à la caisse,1,40e8b0fa-e368-11e2-bd1c-123138171cec,4,en,fr,,http://frpurolator.unisyncgroupstores.com/Womens_Hub.7595.2.htm?CFID=11033&CFTOKEN=66b66f18c4093a0b-73D03EC6-A4B9-3A12-000C1E17C8E4A8B8&jsessionid=b030ae8a28bbd08564d23bf1c3b10346ae15,Purolator French,Mon Jul  1 12:05:06 2013
Contact,Contact,1,40e8b0fa-e368-11e2-bd1c-123138171cec,5,en,fr,,http://frpurolator.unisyncgroupstores.com/Womens_Hub.7595.2.htm?CFID=11033&CFTOKEN=66b66f18c4093a0b-73D03EC6-A4B9-3A12-000C1E17C8E4A8B8&jsessionid=b030ae8a28bbd08564d23bf1c3b10346ae15,Purolator French,Mon Jul  1 12:05:06 2013
Home,Accueil,1,40e8b0fa-e368-11e2-bd1c-123138171cec,6,en,fr,,http://frpurolator.unisyncgroupstores.com/Womens_Hub.7595.2.htm?CFID=11033&CFTOKEN=66b66f18c4093a0b-73D03EC6-A4B9-3A12-000C1E17C8E4A8B8&jsessionid=b030ae8a28bbd08564d23bf1c3b10346ae15,Purolator French,Mon Jul  1 12:05:06 2013
View Preferred Group Products,Vue des produits de groupe de premier choix,4,40e8b0fa-e368-11e2-bd1c-123138171cec,412,en,fr,,http://frpurolator.unisyncgroupstores.com/Womens_Hub.7595.2.htm?CFID=11033&CFTOKEN=66b66f18c4093a0b-73D03EC6-A4B9-3A12-000C1E17C8E4A8B8&jsessionid=b030ae8a28bbd08564d23bf1c3b10346ae15,Purolator French,Mon Jul  1 12:05:06 2013
Email Us,Envoyez-nous un courriel,2,40e8b0fa-e368-11e2-bd1c-123138171cec,7,en,fr,,http://frpurolator.unisyncgroupstores.com/Womens_Hub.7595.2.htm?CFID=11033&CFTOKEN=66b66f18c4093a0b-73D03EC6-A4B9-3A12-000C1E17C8E4A8B8&jsessionid=b030ae8a28bbd08564d23bf1c3b10346ae15,Purolator French,Mon Jul  1 12:05:06 2013
"Preferred Customer <g id=""1""></g>","Client priviligié <g id=""1""></g>",5,40e8b0fa-e368-11e2-bd1c-123138171cec,335,en,fr,,http://frpurolator.unisyncgroupstores.com/Womens_Hub.7595.2.htm?CFID=11033&CFTOKEN=66b66f18c4093a0b-73D03EC6-A4B9-3A12-000C1E17C8E4A8B8&jsessionid=b030ae8a28bbd08564d23bf1c3b10346ae15,Purolator French,Mon Jul  1 12:05:06 2013
Womens Hub,Hub pour femmes,2,40e8b0fa-e368-11e2-bd1c-123138171cec,535,en,fr,,http://frpurolator.unisyncgroupstores.com/Womens_Hub.7595.2.htm?CFID=11033&CFTOKEN=66b66f18c4093a0b-73D03EC6-A4B9-3A12-000C1E17C8E4A8B8&jsessionid=b030ae8a28bbd08564d23bf1c3b10346ae15,Purolator French,Mon Jul  1 12:05:06 2013
Accessories,Accessoires,1,40e8b0fa-e368-11e2-bd1c-123138171cec,338,en,fr,,http://frpurolator.unisyncgroupstores.com/Womens_Hub.7595.2.htm?CFID=11033&CFTOKEN=66b66f18c4093a0b-73D03EC6-A4B9-3A12-000C1E17C8E4A8B8&jsessionid=b030ae8a28bbd08564d23bf1c3b10346ae15,Purolator French,Mon Jul  1 12:05:06 2013
Bottoms,Bas,1,40e8b0fa-e368-11e2-bd1c-123138171cec,339,en,fr,,http://frpurolator.unisyncgroupstores.com/Womens_Hub.7595.2.htm?CFID=11033&CFTOKEN=66b66f18c4093a0b-73D03EC6-A4B9-3A12-000C1E17C8E4A8B8&jsessionid=b030ae8a28bbd08564d23bf1c3b10346ae15,Purolator French,Mon Jul  1 12:05:06 2013
Headwear,Garniture de tête,1,40e8b0fa-e368-11e2-bd1c-123138171cec,340,en,fr,,http://frpurolator.unisyncgroupstores.com/Womens_Hub.7595.2.htm?CFID=11033&CFTOKEN=66b66f18c4093a0b-73D03EC6-A4B9-3A12-000C1E17C8E4A8B8&jsessionid=b030ae8a28bbd08564d23bf1c3b10346ae15,Purolator French,Mon Jul  1 12:05:06 2013
Hi-Vis,Hi-Vis,1,40e8b0fa-e368-11e2-bd1c-123138171cec,537,en,fr,,http://frpurolator.unisyncgroupstores.com/Womens_Hub.7595.2.htm?CFID=11033&CFTOKEN=66b66f18c4093a0b-73D03EC6-A4B9-3A12-000C1E17C8E4A8B8&jsessionid=b030ae8a28bbd08564d23bf1c3b10346ae15,Purolator French,Mon Jul  1 12:05:06 2013
Outerwear,Vêtements d'extérieur,1,40e8b0fa-e368-11e2-bd1c-123138171cec,341,en,fr,,http://frpurolator.unisyncgroupstores.com/Womens_Hub.7595.2.htm?CFID=11033&CFTOKEN=66b66f18c4093a0b-73D03EC6-A4B9-3A12-000C1E17C8E4A8B8&jsessionid=b030ae8a28bbd08564d23bf1c3b10346ae15,Purolator French,Mon Jul  1 12:05:06 2013
Unisync Group,Unisync Group,2,40e8b0fa-e368-11e2-bd1c-123138171cec,230,en,fr,,http://frpurolator.unisyncgroupstores.com/Womens_Hub.7595.2.htm?CFID=11033&CFTOKEN=66b66f18c4093a0b-73D03EC6-A4B9-3A12-000C1E17C8E4A8B8&jsessionid=b030ae8a28bbd08564d23bf1c3b10346ae15,Purolator French,Mon Jul  1 12:05:06 2013
Order Tracking,Suivi de commande,2,40e8b0fa-e368-11e2-bd1c-123138171cec,9,en,fr,,http://frpurolator.unisyncgroupstores.com/Womens_Hub.7595.2.htm?CFID=11033&CFTOKEN=66b66f18c4093a0b-73D03EC6-A4B9-3A12-000C1E17C8E4A8B8&jsessionid=b030ae8a28bbd08564d23bf1c3b10346ae15,Purolator French,Mon Jul  1 12:05:06 2013
Contact Us,Contactez-nous,2,40e8b0fa-e368-11e2-bd1c-123138171cec,10,en,fr,,http://frpurolator.unisyncgroupstores.com/Womens_Hub.7595.2.htm?CFID=11033&CFTOKEN=66b66f18c4093a0b-73D03EC6-A4B9-3A12-000C1E17C8E4A8B8&jsessionid=b030ae8a28bbd08564d23bf1c3b10346ae15,Purolator French,Mon Jul  1 12:05:06 2013
Returns &amp; Exchanges,Retours &amp; Échanges,2,40e8b0fa-e368-11e2-bd1c-123138171cec,11,en,fr,,http://frpurolator.unisyncgroupstores.com/Womens_Hub.7595.2.htm?CFID=11033&CFTOKEN=66b66f18c4093a0b-73D03EC6-A4B9-3A12-000C1E17C8E4A8B8&jsessionid=b030ae8a28bbd08564d23bf1c3b10346ae15,Purolator French,Mon Jul  1 12:05:06 2013
Privacy &amp; Security,Privé &amp; Sécurité,2,40e8b0fa-e368-11e2-bd1c-123138171cec,12,en,fr,,http://frpurolator.unisyncgroupstores.com/Womens_Hub.7595.2.htm?CFID=11033&CFTOKEN=66b66f18c4093a0b-73D03EC6-A4B9-3A12-000C1E17C8E4A8B8&jsessionid=b030ae8a28bbd08564d23bf1c3b10346ae15,Purolator French,Mon Jul  1 12:05:06 2013
Terms of Use,Conditions d'utilisation,3,40e8b0fa-e368-11e2-bd1c-123138171cec,13,en,fr,,http://frpurolator.unisyncgroupstores.com/Womens_Hub.7595.2.htm?CFID=11033&CFTOKEN=66b66f18c4093a0b-73D03EC6-A4B9-3A12-000C1E17C8E4A8B8&jsessionid=b030ae8a28bbd08564d23bf1c3b10346ae15,Purolator French,Mon Jul  1 12:05:06 2013
Need Help?,Besoin d'aide?,2,40e8b0fa-e368-11e2-bd1c-123138171cec,14,en,fr,,http://frpurolator.unisyncgroupstores.com/Womens_Hub.7595.2.htm?CFID=11033&CFTOKEN=66b66f18c4093a0b-73D03EC6-A4B9-3A12-000C1E17C8E4A8B8&jsessionid=b030ae8a28bbd08564d23bf1c3b10346ae15,Purolator French,Mon Jul  1 12:05:06 2013
"Call <v id=""1"">855-805-3968</v> or <g id=""2"">email us</g>","Appelez <v id=""1"">855-805-3968</v> ou <g id=""2"">envoyez-nous un courriel</g>",10,40e8b0fa-e368-11e2-bd1c-123138171cec,444,en,fr,,http://frpurolator.unisyncgroupstores.com/Womens_Hub.7595.2.htm?CFID=11033&CFTOKEN=66b66f18c4093a0b-73D03EC6-A4B9-3A12-000C1E17C8E4A8B8&jsessionid=b030ae8a28bbd08564d23bf1c3b10346ae15,Purolator French,Mon Jul  1 12:05:06 2013
"Copyright ???? <v id=""1"">2013</v> Unisync Group","Droit d'auteur ???? <v id=""1"">2013</v> Unisync Group",6,40e8b0fa-e368-11e2-bd1c-123138171cec,16,en,fr,,http://frpurolator.unisyncgroupstores.com/Womens_Hub.7595.2.htm?CFID=11033&CFTOKEN=66b66f18c4093a0b-73D03EC6-A4B9-3A12-000C1E17C8E4A8B8&jsessionid=b030ae8a28bbd08564d23bf1c3b10346ae15,Purolator French,Mon Jul  1 12:05:06 2013
Color:,Couleur :,1,40e8b0fa-e368-11e2-bd1c-123138171cec,88,en,fr,,http://frpurolator.unisyncgroupstores.com/UMSS.cfm?page=page-index.cfm&template_code=Index&Lcode=StoreLogin.Do,Purolator French,Mon Jul  1 12:06:36 2013
"<g id=""1"">Color:</g> Navy","<g id=""1"">Couleur:</g> Bleu marin",5,40e8b0fa-e368-11e2-bd1c-123138171cec,89,en,fr,,http://frpurolator.unisyncgroupstores.com/UMSS.cfm?page=page-index.cfm&template_code=Index&Lcode=StoreLogin.Do,Purolator French,Mon Jul  1 12:06:36 2013
Size:,Taille :,1,40e8b0fa-e368-11e2-bd1c-123138171cec,92,en,fr,,http://frpurolator.unisyncgroupstores.com/UMSS.cfm?page=page-index.cfm&template_code=Index&Lcode=StoreLogin.Do,Purolator French,Mon Jul  1 12:06:36 2013
My Account Overview,Aperçu de mon compte,3,40e8b0fa-e368-11e2-bd1c-123138171cec,17,en,fr,,http://frpurolator.unisyncgroupstores.com/UMSS.cfm?page=page-index.cfm&template_code=index&lcode=Account.supervisor.EmployeeSelection&y,Purolator French,Mon Jul  1 12:06:38 2013
Account,Compte,1,40e8b0fa-e368-11e2-bd1c-123138171cec,19,en,fr,,http://frpurolator.unisyncgroupstores.com/UMSS.cfm?page=page-index.cfm&template_code=index&lcode=Account.supervisor.EmployeeSelection&y,Purolator French,Mon Jul  1 12:06:38 2013
Order Status,État d'une commande,2,40e8b0fa-e368-11e2-bd1c-123138171cec,20,en,fr,,http://frpurolator.unisyncgroupstores.com/UMSS.cfm?page=page-index.cfm&template_code=index&lcode=Account.supervisor.EmployeeSelection&y,Purolator French,Mon Jul  1 12:06:38 2013
Username/Password,Nom d'utilisateur/Mot de passe,2,40e8b0fa-e368-11e2-bd1c-123138171cec,21,en,fr,,http://frpurolator.unisyncgroupstores.com/UMSS.cfm?page=page-index.cfm&template_code=index&lcode=Account.supervisor.EmployeeSelection&y,Purolator French,Mon Jul  1 12:06:38 2013
"<g id=""1"">Select Employee:</g>","<g id=""1"">Sélectionnez Employé(e) :</g>",5,40e8b0fa-e368-11e2-bd1c-123138171cec,22,en,fr,,http://frpurolator.unisyncgroupstores.com/UMSS.cfm?page=page-index.cfm&template_code=index&lcode=Account.supervisor.EmployeeSelection&y,Purolator French,Mon Jul  1 12:06:38 2013
"(Get there fast! Click in the drop down and start typing the <v id=""1"">10</v> digit location.)","(Rendez-vous-y rapidement! Cliquez dans le déroulant et commencez à taper la <v id=""1"">10</v> position de chiffre.)",17,40e8b0fa-e368-11e2-bd1c-123138171cec,480,en,fr,,http://frpurolator.unisyncgroupstores.com/UMSS.cfm?page=page-index.cfm&template_code=index&lcode=Account.supervisor.EmployeeSelection&y,Purolator French,Mon Jul  1 12:06:38 2013
-Select Shipping Location-,—Sélectionnez l'emplacement d'expédition—,3,40e8b0fa-e368-11e2-bd1c-123138171cec,23,en,fr,,http://frpurolator.unisyncgroupstores.com/UMSS.cfm?page=page-index.cfm&template_code=index&lcode=Account.supervisor.EmployeeSelection&y,Purolator French,Mon Jul  1 12:06:38 2013
-Select Employee-,—Sélectionnez l'employé(e)—,2,40e8b0fa-e368-11e2-bd1c-123138171cec,29,en,fr,,http://frpurolator.unisyncgroupstores.com/UMSS.cfm?page=page-index.cfm&template_code=index&lcode=Account.supervisor.EmployeeSelection&y,Purolator French,Mon Jul  1 12:06:38 2013
"<g id=""1"">Buying for Employee:</g>","<g id=""1"">Achat pour l'employé(e) :</g>",6,40e8b0fa-e368-11e2-bd1c-123138171cec,393,en,fr,,http://frpurolator.unisyncgroupstores.com/UMSS.cfm?page=page-index.cfm&template_code=index&lcode=Account.supervisor.EmployeeSelection&y,Purolator French,Mon Jul  1 12:06:38 2013
Employeer Name:,Nom de l'employé(e) :,2,40e8b0fa-e368-11e2-bd1c-123138171cec,31,en,fr,,http://frpurolator.unisyncgroupstores.com/UMSS.cfm?page=page-index.cfm&template_code=index&lcode=Account.supervisor.EmployeeSelection&y,Purolator French,Mon Jul  1 12:06:38 2013
"&#13; <g id=""1"">Employeer Name:</g> <g id=""2""></g>","&#13; <g id=""1"">Nom de l'employé(e) :</g> <g id=""2""></g>",8,40e8b0fa-e368-11e2-bd1c-123138171cec,32,en,fr,,http://frpurolator.unisyncgroupstores.com/UMSS.cfm?page=page-index.cfm&template_code=index&lcode=Account.supervisor.EmployeeSelection&y,Purolator French,Mon Jul  1 12:06:38 2013
Employeer Number:,Matricule d'employé(e) :,2,40e8b0fa-e368-11e2-bd1c-123138171cec,33,en,fr,,http://frpurolator.unisyncgroupstores.com/UMSS.cfm?page=page-index.cfm&template_code=index&lcode=Account.supervisor.EmployeeSelection&y,Purolator French,Mon Jul  1 12:06:39 2013
"<g id=""1"">Employeer Number:</g> <g id=""2""></g> &#13;","<g id=""1"">Matricule d'employé :</g> <g id=""2""></g> &#13;",8,40e8b0fa-e368-11e2-bd1c-123138171cec,34,en,fr,,http://frpurolator.unisyncgroupstores.com/UMSS.cfm?page=page-index.cfm&template_code=index&lcode=Account.supervisor.EmployeeSelection&y,Purolator French,Mon Jul  1 12:06:39 2013
Employee Account is Active.,Le compte de l'employé(e) est actif.,4,40e8b0fa-e368-11e2-bd1c-123138171cec,394,en,fr,,http://frpurolator.unisyncgroupstores.com/UMSS.cfm?page=page-index.cfm&template_code=index&lcode=Account.supervisor.EmployeeSelection&y,Purolator French,Mon Jul  1 12:06:39 2013
Log In,Ouverture de session,2,40e8b0fa-e368-11e2-bd1c-123138171cec,540,en,fr,,http://frpurolator.unisyncgroupstores.com/UMSS.cfm?page=page-index.cfm&template_code=index&lcode=Account.supervisor.EmployeeSelection&y,Purolator French,Mon Jul  1 12:07:22 2013
Create Account,Créez un compte,2,40e8b0fa-e368-11e2-bd1c-123138171cec,541,en,fr,,http://frpurolator.unisyncgroupstores.com/UMSS.cfm?page=page-index.cfm&template_code=index&lcode=Account.supervisor.EmployeeSelection&y,Purolator French,Mon Jul  1 12:07:22 2013
Switch Employee,Échangez l'employé(e),2,40e8b0fa-e368-11e2-bd1c-123138171cec,542,en,fr,,http://frpurolator.unisyncgroupstores.com/UMSS.cfm?page=page-index.cfm&template_code=index&lcode=Account.supervisor.EmployeeSelection&y,Purolator French,Mon Jul  1 12:07:22 2013
Unisync Group | Unisex Navy 5 in 1 Jacket | Womens Hub | Unisync Group | 5910,Unisync Group | Unisexe bleu marin Veste 5 en 1 | Hub pour femmes | Unisync Group | 5910,10,40e8b0fa-e368-11e2-bd1c-123138171cec,538,en,fr,,http://frpurolator.unisyncgroupstores.com/Unisex-Navy-5-in-1-Jacket.32625.7595.1.htm?UMParent=0,Purolator French,Mon Jul  1 12:11:58 2013
"Item Code: <v id=""1"">5910</v>","Code de l'article : <v id=""1"">5910</v>",5,40e8b0fa-e368-11e2-bd1c-123138171cec,363,en,fr,,http://frpurolator.unisyncgroupstores.com/Unisex-Navy-5-in-1-Jacket.32625.7595.1.htm?UMParent=0,Purolator French,Mon Jul  1 12:11:58 2013
Manufacturer: Unisync Group&#13;,Fabricant : Unisync Group&#13;,3,40e8b0fa-e368-11e2-bd1c-123138171cec,101,en,fr,,http://frpurolator.unisyncgroupstores.com/Unisex-Navy-5-in-1-Jacket.32625.7595.1.htm?UMParent=0,Purolator French,Mon Jul  1 12:11:58 2013
Features:,Caractéristiques :,1,40e8b0fa-e368-11e2-bd1c-123138171cec,364,en,fr,,http://frpurolator.unisyncgroupstores.com/Unisex-Navy-5-in-1-Jacket.32625.7595.1.htm?UMParent=0,Purolator French,Mon Jul  1 12:11:58 2013
Options:,Options :,1,40e8b0fa-e368-11e2-bd1c-123138171cec,366,en,fr,,http://frpurolator.unisyncgroupstores.com/Unisex-Navy-5-in-1-Jacket.32625.7595.1.htm?UMParent=0,Purolator French,Mon Jul  1 12:11:58 2013
"&#13; Navy&#13; <g id=""1""> &#13; <g id=""2""><g id=""3"">Navy</g></g><x id=""4""/><x id=""5""/></g> &#13;","&#13; Bleu marin&#13; <g id=""1""> &#13; <g id=""2""><g id=""3"">Bleu marin</g></g><x id=""4""/><x id=""5""/></g> &#13;",15,40e8b0fa-e368-11e2-bd1c-123138171cec,367,en,fr,,http://frpurolator.unisyncgroupstores.com/Unisex-Navy-5-in-1-Jacket.32625.7595.1.htm?UMParent=0,Purolator French,Mon Jul  1 12:11:58 2013
Fit:,Ajustement :,1,40e8b0fa-e368-11e2-bd1c-123138171cec,90,en,fr,,http://frpurolator.unisyncgroupstores.com/Unisex-Navy-5-in-1-Jacket.32625.7595.1.htm?UMParent=0,Purolator French,Mon Jul  1 12:11:58 2013
Select Fit,Sélectionnez l'ajustement,2,40e8b0fa-e368-11e2-bd1c-123138171cec,368,en,fr,,http://frpurolator.unisyncgroupstores.com/Unisex-Navy-5-in-1-Jacket.32625.7595.1.htm?UMParent=0,Purolator French,Mon Jul  1 12:11:58 2013
Regular,Normal,1,40e8b0fa-e368-11e2-bd1c-123138171cec,369,en,fr,,http://frpurolator.unisyncgroupstores.com/Unisex-Navy-5-in-1-Jacket.32625.7595.1.htm?UMParent=0,Purolator French,Mon Jul  1 12:11:58 2013
Tall,Grande taille,1,40e8b0fa-e368-11e2-bd1c-123138171cec,370,en,fr,,http://frpurolator.unisyncgroupstores.com/Unisex-Navy-5-in-1-Jacket.32625.7595.1.htm?UMParent=0,Purolator French,Mon Jul  1 12:11:58 2013
Select Size,Sélectionnez la taille,2,40e8b0fa-e368-11e2-bd1c-123138171cec,371,en,fr,,http://frpurolator.unisyncgroupstores.com/Unisex-Navy-5-in-1-Jacket.32625.7595.1.htm?UMParent=0,Purolator French,Mon Jul  1 12:11:58 2013
"Your unused Quota is : <v id=""1"">0</v>","Votre quota inutilisé est : <v id=""1"">0</v>",7,40e8b0fa-e368-11e2-bd1c-123138171cec,539,en,fr,,http://frpurolator.unisyncgroupstores.com/Unisex-Navy-5-in-1-Jacket.32625.7595.1.htm?UMParent=0,Purolator French,Mon Jul  1 12:11:58 2013
Stock:,Stock :,1,40e8b0fa-e368-11e2-bd1c-123138171cec,381,en,fr,,http://frpurolator.unisyncgroupstores.com/Unisex-Navy-5-in-1-Jacket.32625.7595.1.htm?UMParent=0,Purolator French,Mon Jul  1 12:11:58 2013
"&#13; Buying for <v id=""1"">tester tester</v> &#13; <g id=""2"">&#13; &#13; <g id=""3"">Switch Employee</g>&#13; &#13; </g> &#13;","&#13; Achat pour <v id=""1"">testeur testeur</v> &#13; <g id=""2"">&#13; &#13; <g id=""3"">Échangez l'employé(e)</g>&#13; &#13; </g> &#13;",13,40e8b0fa-e368-11e2-bd1c-123138171cec,544,en,fr,,http://frpurolator.unisyncgroupstores.com/UMSS.cfm?page=page-index.cfm&template_code=index&lcode=Account.supervisor.EmployeeSelection,Purolator French,Mon Jul  1 12:37:43 2013
Bottoms - Unisync Group,Bas — Unisync Group,4,40e8b0fa-e368-11e2-bd1c-123138171cec,545,en,fr,,http://frpurolator.unisyncgroupstores.com/bottoms-c.html?cat=Bottoms&UMParent=0,Purolator French,Mon Jul  1 12:39:37 2013
Pants,Pantalons,1,40e8b0fa-e368-11e2-bd1c-123138171cec,546,en,fr,,http://frpurolator.unisyncgroupstores.com/bottoms-c.html?cat=Bottoms&UMParent=0,Purolator French,Mon Jul  1 12:39:37 2013
Shorts,Shorts,1,40e8b0fa-e368-11e2-bd1c-123138171cec,547,en,fr,,http://frpurolator.unisyncgroupstores.com/bottoms-c.html?cat=Bottoms&UMParent=0,Purolator French,Mon Jul  1 12:39:37 2013
Unisync Group | Unisex Navy Cargo Short | Shorts | Unisync Group | 1599,Unisync Group | Unisexe short cargo bleu marin | Shorts | Unisync Group | 1599,9,40e8b0fa-e368-11e2-bd1c-123138171cec,548,en,fr,,http://frpurolator.unisyncgroupstores.com/Unisex-Navy-Cargo-Short.32618.7631.1.htm?UMParent=0&CFID=11033&CFTOKEN=66b66f18c4093a0b-73D03EC6-A4B9-3A12-000C1E17C8E4A8B8&jsessionid=b030ae8a28bbd08564d23bf1c3b10346ae15,Purolator French,Mon Jul  1 12:40:49 2013
Qty:,Qté,1,40e8b0fa-e368-11e2-bd1c-123138171cec,379,en,fr,,http://frpurolator.unisyncgroupstores.com/Unisex-Navy-Cargo-Short.32618.7631.1.htm?UMParent=0&CFID=11033&CFTOKEN=66b66f18c4093a0b-73D03EC6-A4B9-3A12-000C1E17C8E4A8B8&jsessionid=b030ae8a28bbd08564d23bf1c3b10346ae15,Purolator French,Mon Jul  1 12:40:49 2013
Employee Username:,Nom d'utilisateur de l'employé(e) :,2,40e8b0fa-e368-11e2-bd1c-123138171cec,105,en,fr,,http://frpurolator.unisyncgroupstores.com/Unisex-Navy-Cargo-Short.32618.7631.1.htm?UMParent=0&CFID=11033&CFTOKEN=66b66f18c4093a0b-73D03EC6-A4B9-3A12-000C1E17C8E4A8B8&jsessionid=b030ae8a28bbd08564d23bf1c3b10346ae15,Purolator French,Mon Jul  1 12:40:49 2013
Employee Name:,Nom de l'employé(e) :,2,40e8b0fa-e368-11e2-bd1c-123138171cec,104,en,fr,,http://frpurolator.unisyncgroupstores.com/Unisex-Navy-Cargo-Short.32618.7631.1.htm?UMParent=0&CFID=11033&CFTOKEN=66b66f18c4093a0b-73D03EC6-A4B9-3A12-000C1E17C8E4A8B8&jsessionid=b030ae8a28bbd08564d23bf1c3b10346ae15,Purolator French,Mon Jul  1 12:40:49 2013
Employee Customer ID:,ID de client de l'employ(é) :,3,40e8b0fa-e368-11e2-bd1c-123138171cec,382,en,fr,,http://frpurolator.unisyncgroupstores.com/Unisex-Navy-Cargo-Short.32618.7631.1.htm?UMParent=0&CFID=11033&CFTOKEN=66b66f18c4093a0b-73D03EC6-A4B9-3A12-000C1E17C8E4A8B8&jsessionid=b030ae8a28bbd08564d23bf1c3b10346ae15,Purolator French,Mon Jul  1 12:40:49 2013
Employee Number:,Matricule d'employé :,2,40e8b0fa-e368-11e2-bd1c-123138171cec,130,en,fr,,http://frpurolator.unisyncgroupstores.com/Unisex-Navy-Cargo-Short.32618.7631.1.htm?UMParent=0&CFID=11033&CFTOKEN=66b66f18c4093a0b-73D03EC6-A4B9-3A12-000C1E17C8E4A8B8&jsessionid=b030ae8a28bbd08564d23bf1c3b10346ae15,Purolator French,Mon Jul  1 12:40:49 2013
"The resource you are looking for might have been removed, had its name changed, or is temporarily unavailable.",La ressource pour laquelle vous cherchez pourrait avoir été retirée; avoir changé de nom; ou elle est non disponible temporairement.,18,40e8b0fa-e368-11e2-bd1c-123138171cec,119,en,fr,,http://frpurolator.unisyncgroupstores.com/favicon.ico,Purolator French,Mon Jul  1 12:48:40 2013
Unisync Group | Unisex Navy Cargo Pant | | Unisync Group | 1593,Unisync Group | Unisexe pantalon cargo bleu marin | | Unisync Group | 1593,8,40e8b0fa-e368-11e2-bd1c-123138171cec,549,en,fr,,http://frpurolator.unisyncgroupstores.com/unisex-navy-cargo-pant-p.html?UMParent=0,Purolator French,Mon Jul  1 12:48:56 2013
Inseam:,Couture d'entrejambes :,1,40e8b0fa-e368-11e2-bd1c-123138171cec,445,en,fr,,http://frpurolator.unisyncgroupstores.com/unisex-navy-cargo-pant-p.html?UMParent=0,Purolator French,Mon Jul  1 12:48:56 2013
Select Inseam,Sélectionnez la couture d'entrejambes :,2,40e8b0fa-e368-11e2-bd1c-123138171cec,550,en,fr,,http://frpurolator.unisyncgroupstores.com/unisex-navy-cargo-pant-p.html?UMParent=0,Purolator French,Mon Jul  1 12:48:56 2013
Unisync Group | Unisex Navy Cargo Pant | Mens Courier | Unisync Group | 1593,Unisync Group | Unisexe pantalon cargo bleu marin | Homme courrier | Unisync Group | 1593,10,40e8b0fa-e368-11e2-bd1c-123138171cec,551,en,fr,,http://frpurolator.unisyncgroupstores.com/UMSS.cfm?page=page-index.cfm&template_code=Product&action=skipcart&product_ID=32617&category=0&CFID=11033&CFTOKEN=66b66f18c4093a0b-73D03EC6-A4B9-3A12-000C1E17C8E4A8B8&jsessionid=b030ae8a28bbd08564d23bf1c3b10346ae15,Purolator French,Mon Jul  1 12:49:21 2013
Shopping Cart,Panier d'achat,2,40e8b0fa-e368-11e2-bd1c-123138171cec,94,en,fr,,http://frpurolator.unisyncgroupstores.com/UMSS.cfm?page=page-index.cfm&template_code=Cart,Purolator French,Mon Jul  1 12:51:32 2013
Item,Article,1,40e8b0fa-e368-11e2-bd1c-123138171cec,95,en,fr,,http://frpurolator.unisyncgroupstores.com/UMSS.cfm?page=page-index.cfm&template_code=Cart,Purolator French,Mon Jul  1 12:51:32 2013
Qty,Qté,1,40e8b0fa-e368-11e2-bd1c-123138171cec,97,en,fr,,http://frpurolator.unisyncgroupstores.com/UMSS.cfm?page=page-index.cfm&template_code=Cart,Purolator French,Mon Jul  1 12:51:32 2013
Remove,Enlevez,1,40e8b0fa-e368-11e2-bd1c-123138171cec,98,en,fr,,http://frpurolator.unisyncgroupstores.com/UMSS.cfm?page=page-index.cfm&template_code=Cart,Purolator French,Mon Jul  1 12:51:32 2013
Additional Information,Information supplémentaire,2,40e8b0fa-e368-11e2-bd1c-123138171cec,99,en,fr,,http://frpurolator.unisyncgroupstores.com/UMSS.cfm?page=page-index.cfm&template_code=Cart,Purolator French,Mon Jul  1 12:51:32 2013
&#13; Product ID: UG_1593,&#13; ID du produit : GU_1593,3,40e8b0fa-e368-11e2-bd1c-123138171cec,552,en,fr,,http://frpurolator.unisyncgroupstores.com/UMSS.cfm?page=page-index.cfm&template_code=Cart,Purolator French,Mon Jul  1 12:51:32 2013
"Sku: <v id=""1"">1593027034</v>","UGS : <v id=""1"">1593027034</v>",4,40e8b0fa-e368-11e2-bd1c-123138171cec,553,en,fr,,http://frpurolator.unisyncgroupstores.com/UMSS.cfm?page=page-index.cfm&template_code=Cart,Purolator French,Mon Jul  1 12:51:32 2013
"&#13; &#13; &#13; <g id=""1"">Employee Customer ID:</g> C2E60277- <v id=""2"">10-09-12</v>","&#13; &#13; &#13; <g id=""1"">ID de client de l'employ(é) :</g> C2E60277- <v id=""2"">10-09-12</v>",12,40e8b0fa-e368-11e2-bd1c-123138171cec,554,en,fr,,http://frpurolator.unisyncgroupstores.com/UMSS.cfm?page=page-index.cfm&template_code=Cart,Purolator French,Mon Jul  1 12:51:32 2013
Edit,Modifiez,1,40e8b0fa-e368-11e2-bd1c-123138171cec,557,en,fr,,http://frpurolator.unisyncgroupstores.com/UMSS.cfm?page=page-index.cfm&template_code=Cart,Purolator French,Mon Jul  1 12:51:32 2013
Save Changes,Sauvegardez les changements,2,40e8b0fa-e368-11e2-bd1c-123138171cec,106,en,fr,,http://frpurolator.unisyncgroupstores.com/UMSS.cfm?page=page-index.cfm&template_code=Cart,Purolator French,Mon Jul  1 12:51:32 2013
Discard Changes,Supprimez les changements,2,40e8b0fa-e368-11e2-bd1c-123138171cec,107,en,fr,,http://frpurolator.unisyncgroupstores.com/UMSS.cfm?page=page-index.cfm&template_code=Cart,Purolator French,Mon Jul  1 12:51:32 2013
Enter Your Promotions,Entrez vos promotions,3,40e8b0fa-e368-11e2-bd1c-123138171cec,108,en,fr,,http://frpurolator.unisyncgroupstores.com/UMSS.cfm?page=page-index.cfm&template_code=Cart,Purolator French,Mon Jul  1 12:51:32 2013
"If you have a promotion code,","Si vous possédez un code promotionnel,",6,40e8b0fa-e368-11e2-bd1c-123138171cec,109,en,fr,,http://frpurolator.unisyncgroupstores.com/UMSS.cfm?page=page-index.cfm&template_code=Cart,Purolator French,Mon Jul  1 12:51:32 2013
enter it here and click apply.,entrez-le ici et cliquez sur appliquer.,6,40e8b0fa-e368-11e2-bd1c-123138171cec,110,en,fr,,http://frpurolator.unisyncgroupstores.com/UMSS.cfm?page=page-index.cfm&template_code=Cart,Purolator French,Mon Jul  1 12:51:32 2013
Code:,Code :,1,40e8b0fa-e368-11e2-bd1c-123138171cec,111,en,fr,,http://frpurolator.unisyncgroupstores.com/UMSS.cfm?page=page-index.cfm&template_code=Cart,Purolator French,Mon Jul  1 12:51:32 2013
Apply,Appliquer :,1,40e8b0fa-e368-11e2-bd1c-123138171cec,112,en,fr,,http://frpurolator.unisyncgroupstores.com/UMSS.cfm?page=page-index.cfm&template_code=Cart,Purolator French,Mon Jul  1 12:51:32 2013
&#13; Did you make any changes to the cart? Click here to update it:,&#13; Avez-vous effectué des changements au panier d'achat? Cliquez ici pour l'actualiser :,13,40e8b0fa-e368-11e2-bd1c-123138171cec,113,en,fr,,http://frpurolator.unisyncgroupstores.com/UMSS.cfm?page=page-index.cfm&template_code=Cart,Purolator French,Mon Jul  1 12:51:32 2013
Update,Actualisation,1,40e8b0fa-e368-11e2-bd1c-123138171cec,87,en,fr,,http://frpurolator.unisyncgroupstores.com/UMSS.cfm?page=page-index.cfm&template_code=Cart,Purolator French,Mon Jul  1 12:51:32 2013
Home Page,Page d'accueil,2,40e8b0fa-e368-11e2-bd1c-123138171cec,120,en,fr,,http://frpurolator.unisyncgroupstores.com/UMSS.cfm?page=page-index.cfm&template_code=Cart,Purolator French,Mon Jul  1 12:51:32 2013
Previous Page,Page précédente,2,40e8b0fa-e368-11e2-bd1c-123138171cec,121,en,fr,,http://frpurolator.unisyncgroupstores.com/UMSS.cfm?page=page-index.cfm&template_code=Cart,Purolator French,Mon Jul  1 12:51:32 2013
Finished shopping?,Vous avez terminé vos achats?,2,40e8b0fa-e368-11e2-bd1c-123138171cec,122,en,fr,,http://frpurolator.unisyncgroupstores.com/UMSS.cfm?page=page-index.cfm&template_code=Cart,Purolator French,Mon Jul  1 12:51:32 2013
Check out,Passez par la caisse de sortie,2,40e8b0fa-e368-11e2-bd1c-123138171cec,123,en,fr,,http://frpurolator.unisyncgroupstores.com/UMSS.cfm?page=page-index.cfm&template_code=Cart,Purolator French,Mon Jul  1 12:51:32 2013
Please wait while we process your request...,Veuillez patienter pendant que nous traitons votre demande...,7,40e8b0fa-e368-11e2-bd1c-123138171cec,124,en,fr,,http://frpurolator.unisyncgroupstores.com/UMSS.cfm?page=page-index.cfm&template_code=Cart,Purolator French,Mon Jul  1 12:51:32 2013
Product ID,ID du produit,2,40e8b0fa-e368-11e2-bd1c-123138171cec,558,en,fr,,http://frpurolator.unisyncgroupstores.com/UMSS.cfm?page=page-index.cfm&template_code=Cart,Purolator French,Mon Jul  1 13:01:34 2013
": <v id=""1"">UG_1593</v>",": <v id=""1"">UG_1593</v>",3,40e8b0fa-e368-11e2-bd1c-123138171cec,559,en,fr,,http://frpurolator.unisyncgroupstores.com/UMSS.cfm?page=page-index.cfm&template_code=Cart,Purolator French,Mon Jul  1 13:01:34 2013
Your Username or Password was incorrect. Please try again.,Votre nom d'utilisateur ou votre Mot de passe est incorrect. Veuillez réessayer.,9,40e8b0fa-e368-11e2-bd1c-123138171cec,125,en,fr,,http://frpurolator.unisyncgroupstores.com/UMSS.cfm?page=page-index.cfm&template_code=Index&Lcode=StoreLogin&CFID=12022&CFTOKEN=9a452e5dc278969e-0D72108B-F75D-3237-4C95318EFBD27D14&jsessionid=9630ce034e0c31a57f347f406e4f2b1771d1,Purolator French,Mon Jul  1 13:23:18 2013
Username / Nom d'utilisateur:,Nom d'utilisateur :,3,40e8b0fa-e368-11e2-bd1c-123138171cec,126,en,fr,,http://frpurolator.unisyncgroupstores.com/UMSS.cfm?page=page-index.cfm&template_code=Index&Lcode=StoreLogin&CFID=12022&CFTOKEN=9a452e5dc278969e-0D72108B-F75D-3237-4C95318EFBD27D14&jsessionid=9630ce034e0c31a57f347f406e4f2b1771d1,Purolator French,Mon Jul  1 13:23:18 2013
"Password / M <g id=""1"">ot de passe</g> :","Mot de passe / M <g id=""1"">ot de passe</g> :",8,40e8b0fa-e368-11e2-bd1c-123138171cec,127,en,fr,,http://frpurolator.unisyncgroupstores.com/UMSS.cfm?page=page-index.cfm&template_code=Index&Lcode=StoreLogin&CFID=12022&CFTOKEN=9a452e5dc278969e-0D72108B-F75D-3237-4C95318EFBD27D14&jsessionid=9630ce034e0c31a57f347f406e4f2b1771d1,Purolator French,Mon Jul  1 13:23:18 2013
Your Employee Number wasn't found. Please try again.,Votre matricule d'employé ne fut pas trouvée Veuillez réessayer.,8,40e8b0fa-e368-11e2-bd1c-123138171cec,129,en,fr,,http://frpurolator.unisyncgroupstores.com/UMSS.cfm?page=page-index.cfm&template_code=Index&Lcode=StoreLogin&CFID=12022&CFTOKEN=9a452e5dc278969e-0D72108B-F75D-3237-4C95318EFBD27D14&jsessionid=9630ce034e0c31a57f347f406e4f2b1771d1,Purolator French,Mon Jul  1 13:23:18 2013
Did you forget your password?,Avez-vous oublié votre mot de passe?,5,40e8b0fa-e368-11e2-bd1c-123138171cec,128,en,fr,,http://frpurolator.unisyncgroupstores.com/UMSS.cfm?page=page-index.cfm&template_code=Index&Lcode=StoreLogin&CFID=12022&CFTOKEN=9a452e5dc278969e-0D72108B-F75D-3237-4C95318EFBD27D14&jsessionid=9630ce034e0c31a57f347f406e4f2b1771d1,Purolator French,Mon Jul  1 13:23:18 2013
Error Page - Please Go Back One Page,Page d'erreur — Veuillez retourner à la dernière page,8,40e8b0fa-e368-11e2-bd1c-123138171cec,132,en,fr,,http://frpurolator.unisyncgroupstores.com/UMSS.cfm?page=page-index.cfm&template_code=Cart,Purolator French,Mon Jul  1 16:13:32 2013
Sorry.,Pardon.,1,40e8b0fa-e368-11e2-bd1c-123138171cec,133,en,fr,,http://frpurolator.unisyncgroupstores.com/UMSS.cfm?page=page-index.cfm&template_code=Cart,Purolator French,Mon Jul  1 16:13:32 2013
The link you selected has a problem.,Le lien que vous avez sélectionné a un problème.,7,40e8b0fa-e368-11e2-bd1c-123138171cec,134,en,fr,,http://frpurolator.unisyncgroupstores.com/UMSS.cfm?page=page-index.cfm&template_code=Cart,Purolator French,Mon Jul  1 16:13:32 2013
An email has been&#13; sent to the system administrator so the page may be fixed.,Un courriel a été&#13; envoyé à l'administrateur de système pour faire réparer la page.,15,40e8b0fa-e368-11e2-bd1c-123138171cec,135,en,fr,,http://frpurolator.unisyncgroupstores.com/UMSS.cfm?page=page-index.cfm&template_code=Cart,Purolator French,Mon Jul  1 16:13:32 2013
"In the meantime, please&#13; click the link below to return to the home page.","Dans l'intervalle, veuillez&#13; cliquer sur le lien ci-dessous pour retourner à la page d'accueil.",14,40e8b0fa-e368-11e2-bd1c-123138171cec,136,en,fr,,http://frpurolator.unisyncgroupstores.com/UMSS.cfm?page=page-index.cfm&template_code=Cart,Purolator French,Mon Jul  1 16:13:32 2013
"&#13; Buying for <v id=""1"">tester tester</v> &#13; <g id=""2"">&#13; &#13; </g> &#13;","&#13; Achat pour <v id=""1"">testeur testeur</v> &#13; <g id=""2"">&#13; &#13; </g> &#13;",8,40e8b0fa-e368-11e2-bd1c-123138171cec,560,en,fr,,http://frpurolator.unisyncgroupstores.com/UMSS.cfm?page=page-index.cfm&template_code=index&lcode=Account.supervisor.EmployeeSelection&y,Purolator French,Mon Jul  1 18:31:14 2013
Womens Retail - Unisync Group,Détail pour femmes — Unisync Group,5,40e8b0fa-e368-11e2-bd1c-123138171cec,561,en,fr,,http://frpurolator.unisyncgroupstores.com/Womens_Retail.7598.2.htm,Purolator French,Mon Jul  1 18:31:18 2013
Womens Retail,Détail pour femmes,2,40e8b0fa-e368-11e2-bd1c-123138171cec,562,en,fr,,http://frpurolator.unisyncgroupstores.com/Womens_Retail.7598.2.htm,Purolator French,Mon Jul  1 18:31:18 2013
Tops,Hauts,1,40e8b0fa-e368-11e2-bd1c-123138171cec,342,en,fr,,http://frpurolator.unisyncgroupstores.com/Womens_Retail.7598.2.htm,Purolator French,Mon Jul  1 18:31:18 2013
Unisex Navy Insulated Vest,Unisexe gilet isolant bleu marin,4,40e8b0fa-e368-11e2-bd1c-123138171cec,100,en,fr,,http://frpurolator.unisyncgroupstores.com/Womens_Retail.7598.2.htm,Purolator French,Mon Jul  1 18:31:18 2013
Unisync Group | Women's Black 2-Way Stretch Pant | | Unisync Group | 1340,Unisync Group | Femme pantalon extensibilité 2-sens noir | | Unisync Group | 1340,9,40e8b0fa-e368-11e2-bd1c-123138171cec,568,en,fr,,http://frpurolator.unisyncgroupstores.com/women-s-black-2-way-stretch-pant-p.html?UMParent=0,Purolator French,Mon Jul  1 18:31:39 2013
"&#13; Black&#13; <g id=""1""> &#13; <g id=""2""><g id=""3"">Black</g></g><x id=""4""/><x id=""5""/></g> &#13;","&#13; Noirk&#13; <g id=""1""> &#13; <g id=""2""><g id=""3"">Noir</g></g><x id=""4""/><x id=""5""/></g> &#13;",15,40e8b0fa-e368-11e2-bd1c-123138171cec,569,en,fr,,http://frpurolator.unisyncgroupstores.com/women-s-black-2-way-stretch-pant-p.html?UMParent=0,Purolator French,Mon Jul  1 18:31:39 2013
Unisync Group | Women's Black 2-Way Stretch Pant | Womens Retail | Unisync Group | 1340,Unisync Group | Femme pantalon extensibilité 2-sens noir | Détail pour femmes | Unisync Group | 1340,11,40e8b0fa-e368-11e2-bd1c-123138171cec,570,en,fr,,http://frpurolator.unisyncgroupstores.com/UMSS.cfm?page=page-index.cfm&template_code=Product&action=skipcart&product_ID=32616&category=0&CFID=520&CFTOKEN=70e1f2c43ebe3e7a-D4848F58-BA41-54E4-6955268628389ADA&jsessionid=9630e75dfb6a7b86b9a217410401e478476d,Purolator French,Mon Jul  1 18:31:53 2013
"<g id=""1"">Color:</g> Black","<g id=""1"">Couleur :</g> Noir",5,40e8b0fa-e368-11e2-bd1c-123138171cec,571,en,fr,,http://frpurolator.unisyncgroupstores.com/UMSS.cfm?page=page-index.cfm&template_code=Cart,Purolator French,Mon Jul  1 18:31:56 2013
&#13; (Get there fast...)&#13; &#13;,&#13; (Rendez-vous-y rapidement!...)&#13; &#13;,3,40e8b0fa-e368-11e2-bd1c-123138171cec,388,en,fr,,http://frpurolator.unisyncgroupstores.com/UMSS.cfm?page=page-index.cfm&template_code=index&lcode=Account.supervisor.EmployeeSelection&y,Purolator French,Tue Jul  2 01:13:37 2013
"Ship Location: <v id=""1"">1111001277</v>","Emplacement d'expédition <v id=""1"">1111001277</v>",5,40e8b0fa-e368-11e2-bd1c-123138171cec,398,en,fr,,http://frpurolator.unisyncgroupstores.com/UMSS.cfm?page=page-index.cfm&template_code=index&lcode=Account.supervisor.EmployeeSelection&y,Purolator French,Tue Jul  2 01:13:37 2013
* You can pick any combination of products in a group up to the total unused quota.,*Il est possible de choisir toute combinaison de produits dans un groupe jusqu'au total du quota inutilisé.,16,40e8b0fa-e368-11e2-bd1c-123138171cec,574,en,fr,,http://frpurolator.unisyncgroupstores.com/UMSS.cfm?page=page-index.cfm&template_code=index&LCode=Quota.EmployeeUnusedQuota&CFID=520&CFTOKEN=70e1f2c43ebe3e7a-D4848F58-BA41-54E4-6955268628389ADA&jsessionid=9630e75dfb6a7b86b9a217410401e478476d,Purolator French,Tue Jul  2 01:13:45 2013
&#13; Gender: &#13;,&#13; Sexe : &#13;,1,40e8b0fa-e368-11e2-bd1c-123138171cec,416,en,fr,,http://frpurolator.unisyncgroupstores.com/UMSS.cfm?page=page-index.cfm&template_code=Account.Billing,Purolator French,Tue Jul  2 01:14:21 2013
Select Gender,Sélectionnez le sexe,2,40e8b0fa-e368-11e2-bd1c-123138171cec,217,en,fr,,http://frpurolator.unisyncgroupstores.com/UMSS.cfm?page=page-index.cfm&template_code=Account.Billing,Purolator French,Tue Jul  2 01:14:21 2013
Male,Mâle,1,40e8b0fa-e368-11e2-bd1c-123138171cec,218,en,fr,,http://frpurolator.unisyncgroupstores.com/UMSS.cfm?page=page-index.cfm&template_code=Account.Billing,Purolator French,Tue Jul  2 01:14:21 2013
Female,Femelle,1,40e8b0fa-e368-11e2-bd1c-123138171cec,219,en,fr,,http://frpurolator.unisyncgroupstores.com/UMSS.cfm?page=page-index.cfm&template_code=Account.Billing,Purolator French,Tue Jul  2 01:14:21 2013
Unisex,Unisexe,1,40e8b0fa-e368-11e2-bd1c-123138171cec,220,en,fr,,http://frpurolator.unisyncgroupstores.com/UMSS.cfm?page=page-index.cfm&template_code=Account.Billing,Purolator French,Tue Jul  2 01:14:21 2013
&#13; This determines the clothing styles you can get.&#13;,&#13; Ceci détermine les styles de vêtements que vous pouvez recevoir.&#13;,8,40e8b0fa-e368-11e2-bd1c-123138171cec,427,en,fr,,http://frpurolator.unisyncgroupstores.com/UMSS.cfm?page=page-index.cfm&template_code=Account.Billing,Purolator French,Tue Jul  2 01:14:21 2013
"<g id=""1"">Employee Details:</g>","<g id=""1"">Détails de l'employé(e) :</g>",5,40e8b0fa-e368-11e2-bd1c-123138171cec,30,en,fr,,http://frpurolator.unisyncgroupstores.com/UMSS.cfm?page=page-index.cfm&template_code=Account.OrderHistory,Purolator French,Tue Jul  2 01:14:28 2013
Order History,Commander l'historique,2,40e8b0fa-e368-11e2-bd1c-123138171cec,35,en,fr,,http://frpurolator.unisyncgroupstores.com/UMSS.cfm?page=page-index.cfm&template_code=Account.OrderHistory,Purolator French,Tue Jul  2 01:14:28 2013
Date,Date,1,40e8b0fa-e368-11e2-bd1c-123138171cec,36,en,fr,,http://frpurolator.unisyncgroupstores.com/UMSS.cfm?page=page-index.cfm&template_code=Account.OrderHistory,Purolator French,Tue Jul  2 01:14:28 2013
Order Number,Numéro de commande,2,40e8b0fa-e368-11e2-bd1c-123138171cec,37,en,fr,,http://frpurolator.unisyncgroupstores.com/UMSS.cfm?page=page-index.cfm&template_code=Account.OrderHistory,Purolator French,Tue Jul  2 01:14:28 2013
Status,État,1,40e8b0fa-e368-11e2-bd1c-123138171cec,38,en,fr,,http://frpurolator.unisyncgroupstores.com/UMSS.cfm?page=page-index.cfm&template_code=Account.OrderHistory,Purolator French,Tue Jul  2 01:14:28 2013
Ordered by,Commandé par,2,40e8b0fa-e368-11e2-bd1c-123138171cec,39,en,fr,,http://frpurolator.unisyncgroupstores.com/UMSS.cfm?page=page-index.cfm&template_code=Account.OrderHistory,Purolator French,Tue Jul  2 01:14:28 2013
Total,Total,1,40e8b0fa-e368-11e2-bd1c-123138171cec,40,en,fr,,http://frpurolator.unisyncgroupstores.com/UMSS.cfm?page=page-index.cfm&template_code=Account.OrderHistory,Purolator French,Tue Jul  2 01:14:28 2013
Tracking ID,ID du pistage,2,40e8b0fa-e368-11e2-bd1c-123138171cec,41,en,fr,,http://frpurolator.unisyncgroupstores.com/UMSS.cfm?page=page-index.cfm&template_code=Account.OrderHistory,Purolator French,Tue Jul  2 01:14:28 2013
Order Submitted Successfully,Commande soumise avec succès,3,40e8b0fa-e368-11e2-bd1c-123138171cec,46,en,fr,,http://frpurolator.unisyncgroupstores.com/UMSS.cfm?page=page-index.cfm&template_code=Account.OrderHistory,Purolator French,Tue Jul  2 01:14:28 2013
Order Released for Picking,Commande transmise pour collecte,4,40e8b0fa-e368-11e2-bd1c-123138171cec,43,en,fr,,http://frpurolator.unisyncgroupstores.com/UMSS.cfm?page=page-index.cfm&template_code=Account.OrderHistory,Purolator French,Tue Jul  2 01:14:28 2013
Order Loaded,Commande chargée,2,40e8b0fa-e368-11e2-bd1c-123138171cec,45,en,fr,,http://frpurolator.unisyncgroupstores.com/UMSS.cfm?page=page-index.cfm&template_code=Account.OrderHistory,Purolator French,Tue Jul  2 01:14:28 2013
Backorder Shipped and Invoiced Complete,Reste de commande expédié et facturation complétée,5,40e8b0fa-e368-11e2-bd1c-123138171cec,50,en,fr,,http://frpurolator.unisyncgroupstores.com/UMSS.cfm?page=page-index.cfm&template_code=Account.OrderHistory,Purolator French,Tue Jul  2 01:14:28 2013
Backorder Being Processed,Traitement en cours de commande en souffrance,3,40e8b0fa-e368-11e2-bd1c-123138171cec,51,en,fr,,http://frpurolator.unisyncgroupstores.com/UMSS.cfm?page=page-index.cfm&template_code=Account.OrderHistory,Purolator French,Tue Jul  2 01:14:28 2013
Shipped and Invoiced Complete,Expédition et facturation complétées,4,40e8b0fa-e368-11e2-bd1c-123138171cec,418,en,fr,,http://frpurolator.unisyncgroupstores.com/UMSS.cfm?page=page-index.cfm&template_code=Account.OrderHistory,Purolator French,Tue Jul  2 01:14:28 2013
"Total Orders : <v id=""1"">49</v>","Total des commandes : <v id=""1"">49</v>",5,40e8b0fa-e368-11e2-bd1c-123138171cec,55,en,fr,,http://frpurolator.unisyncgroupstores.com/UMSS.cfm?page=page-index.cfm&template_code=Account.OrderHistory,Purolator French,Tue Jul  2 01:14:28 2013
Sign In,Entrez dans le système,2,40e8b0fa-e368-11e2-bd1c-123138171cec,577,en,fr,,http://frpurolator.unisyncgroupstores.com/UMSS.cfm?page=page-index.cfm&template_code=Checkout.CustomerEdit&CFID=520&CFTOKEN=70e1f2c43ebe3e7a-D4848F58-BA41-54E4-6955268628389ADA&jsessionid=9630e75dfb6a7b86b9a217410401e478476d,Purolator French,Tue Jul  2 01:26:53 2013
Shipping,Expédition,1,40e8b0fa-e368-11e2-bd1c-123138171cec,18,en,fr,,http://frpurolator.unisyncgroupstores.com/UMSS.cfm?page=page-index.cfm&template_code=Checkout.CustomerEdit&CFID=520&CFTOKEN=70e1f2c43ebe3e7a-D4848F58-BA41-54E4-6955268628389ADA&jsessionid=9630e75dfb6a7b86b9a217410401e478476d,Purolator French,Tue Jul  2 01:26:53 2013
Billing,Facturation,1,40e8b0fa-e368-11e2-bd1c-123138171cec,578,en,fr,,http://frpurolator.unisyncgroupstores.com/UMSS.cfm?page=page-index.cfm&template_code=Checkout.CustomerEdit&CFID=520&CFTOKEN=70e1f2c43ebe3e7a-D4848F58-BA41-54E4-6955268628389ADA&jsessionid=9630e75dfb6a7b86b9a217410401e478476d,Purolator French,Tue Jul  2 01:26:53 2013
Order Review,Revue de la commande,2,40e8b0fa-e368-11e2-bd1c-123138171cec,579,en,fr,,http://frpurolator.unisyncgroupstores.com/UMSS.cfm?page=page-index.cfm&template_code=Checkout.CustomerEdit&CFID=520&CFTOKEN=70e1f2c43ebe3e7a-D4848F58-BA41-54E4-6955268628389ADA&jsessionid=9630e75dfb6a7b86b9a217410401e478476d,Purolator French,Tue Jul  2 01:26:53 2013
&#13; Selecting your shipping location&#13;,&#13; Sélection de votre emplacement d'expédition&#13;,4,40e8b0fa-e368-11e2-bd1c-123138171cec,580,en,fr,,http://frpurolator.unisyncgroupstores.com/UMSS.cfm?page=page-index.cfm&template_code=Checkout.CustomerEdit&CFID=520&CFTOKEN=70e1f2c43ebe3e7a-D4848F58-BA41-54E4-6955268628389ADA&jsessionid=9630e75dfb6a7b86b9a217410401e478476d,Purolator French,Tue Jul  2 01:26:53 2013
Ship To,Expédiez à,2,40e8b0fa-e368-11e2-bd1c-123138171cec,581,en,fr,,http://frpurolator.unisyncgroupstores.com/UMSS.cfm?page=page-index.cfm&template_code=Checkout.CustomerEdit&CFID=520&CFTOKEN=70e1f2c43ebe3e7a-D4848F58-BA41-54E4-6955268628389ADA&jsessionid=9630e75dfb6a7b86b9a217410401e478476d,Purolator French,Tue Jul  2 01:26:53 2013
&#13; Select your location from the choices below,&#13; Sélectionnez votre emplacement à partir des choix ci-dessous,7,40e8b0fa-e368-11e2-bd1c-123138171cec,582,en,fr,,http://frpurolator.unisyncgroupstores.com/UMSS.cfm?page=page-index.cfm&template_code=Checkout.CustomerEdit&CFID=520&CFTOKEN=70e1f2c43ebe3e7a-D4848F58-BA41-54E4-6955268628389ADA&jsessionid=9630e75dfb6a7b86b9a217410401e478476d,Purolator French,Tue Jul  2 01:26:53 2013
"Your purchase confirmation will be emailed to you from <g id=""1"">info@uniformmarket.com</g> . Please watch for your purchase confirmation from this email address.","La confirmation de votre achat vous sera envoyée par courriel de <g id=""1"">info@uniformmarket.com</g> . Veuillez surveiller la confirmation de votre achat à partir de cette adresse courriel.",25,40e8b0fa-e368-11e2-bd1c-123138171cec,583,en,fr,,http://frpurolator.unisyncgroupstores.com/UMSS.cfm?page=page-index.cfm&template_code=Checkout.Review&CFID=520&CFTOKEN=70e1f2c43ebe3e7a-D4848F58-BA41-54E4-6955268628389ADA&jsessionid=9630e75dfb6a7b86b9a217410401e478476d,Purolator French,Tue Jul  2 01:26:57 2013
"<g id=""1""></g> Ship to:","<g id=""1""></g> Expédiez à :",5,40e8b0fa-e368-11e2-bd1c-123138171cec,584,en,fr,,http://frpurolator.unisyncgroupstores.com/UMSS.cfm?page=page-index.cfm&template_code=Checkout.Review&CFID=520&CFTOKEN=70e1f2c43ebe3e7a-D4848F58-BA41-54E4-6955268628389ADA&jsessionid=9630e75dfb6a7b86b9a217410401e478476d,Purolator French,Tue Jul  2 01:26:57 2013
Shipping Method:,Méthode d'expédition :,2,40e8b0fa-e368-11e2-bd1c-123138171cec,589,en,fr,,http://frpurolator.unisyncgroupstores.com/UMSS.cfm?page=page-index.cfm&template_code=Checkout.Review&CFID=520&CFTOKEN=70e1f2c43ebe3e7a-D4848F58-BA41-54E4-6955268628389ADA&jsessionid=9630e75dfb6a7b86b9a217410401e478476d,Purolator French,Tue Jul  2 01:26:57 2013
"Shipping cost: $ <v id=""1"">0.00</v>","Coût d'expédition $ <v id=""1"">0.00</v>",5,40e8b0fa-e368-11e2-bd1c-123138171cec,590,en,fr,,http://frpurolator.unisyncgroupstores.com/UMSS.cfm?page=page-index.cfm&template_code=Checkout.Review&CFID=520&CFTOKEN=70e1f2c43ebe3e7a-D4848F58-BA41-54E4-6955268628389ADA&jsessionid=9630e75dfb6a7b86b9a217410401e478476d,Purolator French,Tue Jul  2 01:26:57 2013
"<g id=""1""></g> Bill to:","<g id=""1""></g> Facturez vers :",5,40e8b0fa-e368-11e2-bd1c-123138171cec,591,en,fr,,http://frpurolator.unisyncgroupstores.com/UMSS.cfm?page=page-index.cfm&template_code=Checkout.Review&CFID=520&CFTOKEN=70e1f2c43ebe3e7a-D4848F58-BA41-54E4-6955268628389ADA&jsessionid=9630e75dfb6a7b86b9a217410401e478476d,Purolator French,Tue Jul  2 01:26:57 2013
Payment Method:,Méthode de paiement :,2,40e8b0fa-e368-11e2-bd1c-123138171cec,594,en,fr,,http://frpurolator.unisyncgroupstores.com/UMSS.cfm?page=page-index.cfm&template_code=Checkout.Review&CFID=520&CFTOKEN=70e1f2c43ebe3e7a-D4848F58-BA41-54E4-6955268628389ADA&jsessionid=9630e75dfb6a7b86b9a217410401e478476d,Purolator French,Tue Jul  2 01:26:58 2013
Purchase Order Number:,Numéro de commande :,3,40e8b0fa-e368-11e2-bd1c-123138171cec,595,en,fr,,http://frpurolator.unisyncgroupstores.com/UMSS.cfm?page=page-index.cfm&template_code=Checkout.Review&CFID=520&CFTOKEN=70e1f2c43ebe3e7a-D4848F58-BA41-54E4-6955268628389ADA&jsessionid=9630e75dfb6a7b86b9a217410401e478476d,Purolator French,Tue Jul  2 01:26:58 2013
"edit <g id=""1""><g id=""2""></g>Click here to edit payment information.</g>","modifiez <g id=""1""><g id=""2""></g>Cliquez ici pour modifier les renseignements de paiement.</g>",13,40e8b0fa-e368-11e2-bd1c-123138171cec,596,en,fr,,http://frpurolator.unisyncgroupstores.com/UMSS.cfm?page=page-index.cfm&template_code=Checkout.Review&CFID=520&CFTOKEN=70e1f2c43ebe3e7a-D4848F58-BA41-54E4-6955268628389ADA&jsessionid=9630e75dfb6a7b86b9a217410401e478476d,Purolator French,Tue Jul  2 01:26:58 2013
"&#13; &#13; &#13; <g id=""1"">edit <g id=""2""><g id=""3""></g>Click here to edit payment information.</g></g> &#13; &#13; &#13;","&#13; &#13; &#13; <g id=""1"">edit <g id=""2""><g id=""3""></g>Cliquez ici pour les renseignements de paiement.</g></g> &#13; &#13; &#13;",16,40e8b0fa-e368-11e2-bd1c-123138171cec,597,en,fr,,http://frpurolator.unisyncgroupstores.com/UMSS.cfm?page=page-index.cfm&template_code=Checkout.Review&CFID=520&CFTOKEN=70e1f2c43ebe3e7a-D4848F58-BA41-54E4-6955268628389ADA&jsessionid=9630e75dfb6a7b86b9a217410401e478476d,Purolator French,Tue Jul  2 01:26:58 2013
I would like to edit my payment.,Je désire modifier mon paiement.,7,40e8b0fa-e368-11e2-bd1c-123138171cec,598,en,fr,,http://frpurolator.unisyncgroupstores.com/UMSS.cfm?page=page-index.cfm&template_code=Checkout.Review&CFID=520&CFTOKEN=70e1f2c43ebe3e7a-D4848F58-BA41-54E4-6955268628389ADA&jsessionid=9630e75dfb6a7b86b9a217410401e478476d,Purolator French,Tue Jul  2 01:26:58 2013
"CLOSE <g id=""1""><g id=""2""></g> You have to click update to save your changes before closing this box.</g>","FERMÉ <g id=""1""><g id=""2""></g> Vous devez cliquer sur actualisation pour sauvegarder vos changements avant de fermer cette boîte.</g>",20,40e8b0fa-e368-11e2-bd1c-123138171cec,599,en,fr,,http://frpurolator.unisyncgroupstores.com/UMSS.cfm?page=page-index.cfm&template_code=Checkout.Review&CFID=520&CFTOKEN=70e1f2c43ebe3e7a-D4848F58-BA41-54E4-6955268628389ADA&jsessionid=9630e75dfb6a7b86b9a217410401e478476d,Purolator French,Tue Jul  2 01:26:58 2013
Order Information,Renseignements de la commande,2,40e8b0fa-e368-11e2-bd1c-123138171cec,600,en,fr,,http://frpurolator.unisyncgroupstores.com/UMSS.cfm?page=page-index.cfm&template_code=Checkout.Review&CFID=520&CFTOKEN=70e1f2c43ebe3e7a-D4848F58-BA41-54E4-6955268628389ADA&jsessionid=9630e75dfb6a7b86b9a217410401e478476d,Purolator French,Tue Jul  2 01:26:58 2013
Adjust Cart,Réglez le panier,2,40e8b0fa-e368-11e2-bd1c-123138171cec,601,en,fr,,http://frpurolator.unisyncgroupstores.com/UMSS.cfm?page=page-index.cfm&template_code=Checkout.Review&CFID=520&CFTOKEN=70e1f2c43ebe3e7a-D4848F58-BA41-54E4-6955268628389ADA&jsessionid=9630e75dfb6a7b86b9a217410401e478476d,Purolator French,Tue Jul  2 01:26:58 2013
Shipping:,Expédition :,1,40e8b0fa-e368-11e2-bd1c-123138171cec,602,en,fr,,http://frpurolator.unisyncgroupstores.com/UMSS.cfm?page=page-index.cfm&template_code=Checkout.Review&CFID=520&CFTOKEN=70e1f2c43ebe3e7a-D4848F58-BA41-54E4-6955268628389ADA&jsessionid=9630e75dfb6a7b86b9a217410401e478476d,Purolator French,Tue Jul  2 01:26:58 2013
Tax:,Impôt :,1,40e8b0fa-e368-11e2-bd1c-123138171cec,603,en,fr,,http://frpurolator.unisyncgroupstores.com/UMSS.cfm?page=page-index.cfm&template_code=Checkout.Review&CFID=520&CFTOKEN=70e1f2c43ebe3e7a-D4848F58-BA41-54E4-6955268628389ADA&jsessionid=9630e75dfb6a7b86b9a217410401e478476d,Purolator French,Tue Jul  2 01:26:58 2013
Order Total:,Total de la commande :,2,40e8b0fa-e368-11e2-bd1c-123138171cec,604,en,fr,,http://frpurolator.unisyncgroupstores.com/UMSS.cfm?page=page-index.cfm&template_code=Checkout.Review&CFID=520&CFTOKEN=70e1f2c43ebe3e7a-D4848F58-BA41-54E4-6955268628389ADA&jsessionid=9630e75dfb6a7b86b9a217410401e478476d,Purolator French,Tue Jul  2 01:26:58 2013
place order,Passer une commande,2,40e8b0fa-e368-11e2-bd1c-123138171cec,605,en,fr,,http://frpurolator.unisyncgroupstores.com/UMSS.cfm?page=page-index.cfm&template_code=Checkout.Review&CFID=520&CFTOKEN=70e1f2c43ebe3e7a-D4848F58-BA41-54E4-6955268628389ADA&jsessionid=9630e75dfb6a7b86b9a217410401e478476d,Purolator French,Tue Jul  2 01:26:58 2013
Information Updated&#13;,Renseignements actualisés&#13;,2,40e8b0fa-e368-11e2-bd1c-123138171cec,607,en,fr,,http://frpurolator.unisyncgroupstores.com/UMSS.cfm?page=page-index.cfm&template_code=Checkout.CustomerEdit&CFID=12070&CFTOKEN=557bc24ffe06d944-2BC66DB4-EDB5-C2EC-EA9815419FD876AE&jsessionid=9630725ad4b1055d1e4e4727217e6d294552,Purolator French,Tue Jul  2 02:05:40 2013
"<x id=""1""/>Ship to:","<x id=""1""/>Expédiez à :",4,40e8b0fa-e368-11e2-bd1c-123138171cec,608,en,fr,,http://frpurolator.unisyncgroupstores.com/UMSS.cfm?page=page-index.cfm&template_code=Checkout.Review&CFID=12070&CFTOKEN=557bc24ffe06d944-2BC66DB4-EDB5-C2EC-EA9815419FD876AE&jsessionid=9630725ad4b1055d1e4e4727217e6d294552,Purolator French,Tue Jul  2 02:06:17 2013
"<x id=""1""/>Bill to:","<x id=""1""/>Facturez :",4,40e8b0fa-e368-11e2-bd1c-123138171cec,609,en,fr,,http://frpurolator.unisyncgroupstores.com/UMSS.cfm?page=page-index.cfm&template_code=Checkout.Review&CFID=12070&CFTOKEN=557bc24ffe06d944-2BC66DB4-EDB5-C2EC-EA9815419FD876AE&jsessionid=9630725ad4b1055d1e4e4727217e6d294552,Purolator French,Tue Jul  2 02:06:17 2013
&#13; &#13; &#13; Please do not hit the back button while order is being processed...&#13;,&#13; &#13; &#13; Veuillez ne pas appuyer sur le bouton Précédent pendant le traitement de la commande...&#13;,12,40e8b0fa-e368-11e2-bd1c-123138171cec,610,en,fr,,http://frpurolator.unisyncgroupstores.com/UMSS.cfm?page=page-index.cfm&template_code=Checkout.PlaceOrder.Do&urlOrderID=2C059347-C985-271D-FBD729C1BDD43D5B&CFID=12070&CFTOKEN=557bc24ffe06d944-2BC66DB4-EDB5-C2EC-EA9815419FD876AE&jsessionid=9630725ad4b1055d1e4e4727217e6d294552,Purolator French,Tue Jul  2 02:10:13 2013
Unisync Group Order Confirmation,Confirmation de la commande de Unisync Group,4,40e8b0fa-e368-11e2-bd1c-123138171cec,611,en,fr,,http://frpurolator.unisyncgroupstores.com/UMSS.cfm?page=page-index.cfm&template_code=Order.Processed,Purolator French,Tue Jul  2 02:10:14 2013
"Order Number: <v id=""1"">266</v>","Numéro de commande : <v id=""1"">266</v>",5,40e8b0fa-e368-11e2-bd1c-123138171cec,612,en,fr,,http://frpurolator.unisyncgroupstores.com/UMSS.cfm?page=page-index.cfm&template_code=Order.Processed,Purolator French,Tue Jul  2 02:10:14 2013
PRINT THIS PAGE,IMPRIMEZ CETTE PAGE,3,40e8b0fa-e368-11e2-bd1c-123138171cec,613,en,fr,,http://frpurolator.unisyncgroupstores.com/UMSS.cfm?page=page-index.cfm&template_code=Order.Processed,Purolator French,Tue Jul  2 02:10:14 2013
The following order has been placed,La commande suivante a été passée,6,40e8b0fa-e368-11e2-bd1c-123138171cec,614,en,fr,,http://frpurolator.unisyncgroupstores.com/UMSS.cfm?page=page-index.cfm&template_code=Order.Processed,Purolator French,Tue Jul  2 02:10:14 2013
"<g id=""1"">The following order has been placed</g> :","<g id=""1"">La commande suivante a été passée</g> :",9,40e8b0fa-e368-11e2-bd1c-123138171cec,615,en,fr,,http://frpurolator.unisyncgroupstores.com/UMSS.cfm?page=page-index.cfm&template_code=Order.Processed,Purolator French,Tue Jul  2 02:10:14 2013
Bill To:,Facturez :,2,40e8b0fa-e368-11e2-bd1c-123138171cec,616,en,fr,,http://frpurolator.unisyncgroupstores.com/UMSS.cfm?page=page-index.cfm&template_code=Order.Processed,Purolator French,Tue Jul  2 02:10:14 2013
"test , Northwest Territories <v id=""1"">60062</v>","test , Territoires du Nord-Ouest <v id=""1"">60062</v>",6,40e8b0fa-e368-11e2-bd1c-123138171cec,617,en,fr,,http://frpurolator.unisyncgroupstores.com/UMSS.cfm?page=page-index.cfm&template_code=Order.Processed,Purolator French,Tue Jul  2 02:10:14 2013
Payment Info:,Renseignements de paiement :,2,40e8b0fa-e368-11e2-bd1c-123138171cec,618,en,fr,,http://frpurolator.unisyncgroupstores.com/UMSS.cfm?page=page-index.cfm&template_code=Order.Processed,Purolator French,Tue Jul  2 02:10:14 2013
Ship To:,Expédiez à :,2,40e8b0fa-e368-11e2-bd1c-123138171cec,619,en,fr,,http://frpurolator.unisyncgroupstores.com/UMSS.cfm?page=page-index.cfm&template_code=Order.Processed,Purolator French,Tue Jul  2 02:10:14 2013
"Guelph, Ontario","Guelph, Ontario",2,40e8b0fa-e368-11e2-bd1c-123138171cec,620,en,fr,,http://frpurolator.unisyncgroupstores.com/UMSS.cfm?page=page-index.cfm&template_code=Order.Processed,Purolator French,Tue Jul  2 02:10:14 2013
"N1K <v id=""1"">1</v> B2,Canada","N1K <v id=""1"">1</v> B2, Canada",7,40e8b0fa-e368-11e2-bd1c-123138171cec,621,en,fr,,http://frpurolator.unisyncgroupstores.com/UMSS.cfm?page=page-index.cfm&template_code=Order.Processed,Purolator French,Tue Jul  2 02:10:15 2013
Price,Prix,1,40e8b0fa-e368-11e2-bd1c-123138171cec,96,en,fr,,http://frpurolator.unisyncgroupstores.com/UMSS.cfm?page=page-index.cfm&template_code=Order.Processed,Purolator French,Tue Jul  2 02:10:15 2013
RETURNS POLICY,POLITIQUE DES RETOURS,2,40e8b0fa-e368-11e2-bd1c-123138171cec,245,en,fr,,http://frpurolator.unisyncgroupstores.com/UMSS.cfm?page=page-index.cfm&template_code=Order.Processed,Purolator French,Tue Jul  2 02:10:15 2013
"If for any reason you are not completely satisfied with your purchase, simply return the item to us within <v id=""1"">30</v> days of receipt in its original condition. If the item has been worn or washed or has been customized in any of the following ways: with emblems, altered; silkscreen or embroidery please call us to advise us of the return and the reason for the return. Depending on the nature of the return a small service charge may be applied to your return.","Toutefois, si pour une raison quelconque vous n'êtes pas entièrement satisfait de votre achat; retournez-nous simplement l'article dans un délai de <v id=""1"">30</v> jours à partir de la date de réception de l'article dans sa condition originale. Si l'article a été porté ou lavé ou bien personnalisé dans une des façons suivantes : écusson de marque, altéré, sérigraphié ou brodé; veuillez nous appeler pour nous avertir du retour et la raison pour le retour. Selon la nature du retour, des frais de service minimes peuvent être appliqués à votre retour.",85,40e8b0fa-e368-11e2-bd1c-123138171cec,246,en,fr,,http://frpurolator.unisyncgroupstores.com/UMSS.cfm?page=page-index.cfm&template_code=Order.Processed,Purolator French,Tue Jul  2 02:10:15 2013
"If the packing slip is no longer available, call us to discuss your return&#13; so that we can be ready to receive the items properly. Please return the item(s)&#13; via a traceable or insured method to prevent the package from being lost in&#13; the mail. We are not responsible for returned items that are lost in transit.","Si le bordereau d'emballage n'est plus disponible, appelez-nous pour discuter votre retour&#13; pour qu'on puisse se préparer à recevoir les articles proprement. Veuillez retourner l'/les article(s)&#13; via une méthode de traçabillité ou assurée pour empêcher de perdre le paquet dans &#13; le courrier postal. Nous n'acceptons aucune responsabilité d'articles retournés qui se perdent pendant l'expédition.",58,40e8b0fa-e368-11e2-bd1c-123138171cec,247,en,fr,,http://frpurolator.unisyncgroupstores.com/UMSS.cfm?page=page-index.cfm&template_code=Order.Processed,Purolator French,Tue Jul  2 02:10:15 2013
"<g id=""1"">Payment Info:</g><x id=""2""/>","<g id=""1"">Renseignements de paiment :</g><x id=""2""/>",7,40e8b0fa-e368-11e2-bd1c-123138171cec,622,en,fr,,http://frpurolator.unisyncgroupstores.com/UMSS.cfm?page=page-index.cfm&template_code=Order.Processed,Purolator French,Tue Jul  2 02:15:19 2013
"<g id=""1"">Order Total:</g>","<g id=""1"">Total de la commande :</g>",5,40e8b0fa-e368-11e2-bd1c-123138171cec,623,en,fr,,http://frpurolator.unisyncgroupstores.com/UMSS.cfm?page=page-index.cfm&template_code=Order.Processed,Purolator French,Tue Jul  2 02:15:19 2013
