normalized_string,normalized_translation_value,num_words,translation_memory_uuid,string_id,source_language,destination_language,webpage_id,request_url,website_id,date_inserted
"Line Haul",,2,a0f6449c-e40f-11e2-bd1c-123138171cec,738,en,fr,,http://test.swetedemo.weblite.ca/unisync_inventory/items2.php,"Unisync Inventory","Wed Jul  3 14:32:26 2013"
"PR Driver Linehaul",,3,a0f6449c-e40f-11e2-bd1c-123138171cec,739,en,fr,,http://test.swetedemo.weblite.ca/unisync_inventory/items2.php,"Unisync Inventory","Wed Jul  3 14:32:26 2013"
Courier,,1,a0f6449c-e40f-11e2-bd1c-123138171cec,740,en,fr,,http://test.swetedemo.weblite.ca/unisync_inventory/items2.php,"Unisync Inventory","Wed Jul  3 14:32:26 2013"
"PR Courier",,2,a0f6449c-e40f-11e2-bd1c-123138171cec,741,en,fr,,http://test.swetedemo.weblite.ca/unisync_inventory/items2.php,"Unisync Inventory","Wed Jul  3 14:32:26 2013"
Hub,,1,a0f6449c-e40f-11e2-bd1c-123138171cec,742,en,fr,,http://test.swetedemo.weblite.ca/unisync_inventory/items2.php,"Unisync Inventory","Wed Jul  3 14:32:26 2013"
"PR Sorter PM",,3,a0f6449c-e40f-11e2-bd1c-123138171cec,743,en,fr,,http://test.swetedemo.weblite.ca/unisync_inventory/items2.php,"Unisync Inventory","Wed Jul  3 14:32:26 2013"
"PR Sorter AM",,3,a0f6449c-e40f-11e2-bd1c-123138171cec,744,en,fr,,http://test.swetedemo.weblite.ca/unisync_inventory/items2.php,"Unisync Inventory","Wed Jul  3 14:32:26 2013"
"PR Driver Linehaul P and D",,6,a0f6449c-e40f-11e2-bd1c-123138171cec,745,en,fr,,http://test.swetedemo.weblite.ca/unisync_inventory/items2.php,"Unisync Inventory","Wed Jul  3 14:32:26 2013"
"No Uniform",,2,a0f6449c-e40f-11e2-bd1c-123138171cec,746,en,fr,,http://test.swetedemo.weblite.ca/unisync_inventory/items2.php,"Unisync Inventory","Wed Jul  3 14:32:26 2013"
"PR Multifunctional Support Rep GroupII",,5,a0f6449c-e40f-11e2-bd1c-123138171cec,747,en,fr,,http://test.swetedemo.weblite.ca/unisync_inventory/items2.php,"Unisync Inventory","Wed Jul  3 14:32:26 2013"
"PR Courier Utility",,3,a0f6449c-e40f-11e2-bd1c-123138171cec,748,en,fr,,http://test.swetedemo.weblite.ca/unisync_inventory/items2.php,"Unisync Inventory","Wed Jul  3 14:32:26 2013"
"PR SUPPORT REP OPERATIONS",,4,a0f6449c-e40f-11e2-bd1c-123138171cec,749,en,fr,,http://test.swetedemo.weblite.ca/unisync_inventory/items2.php,"Unisync Inventory","Wed Jul  3 14:32:26 2013"
"Air Ops",,2,a0f6449c-e40f-11e2-bd1c-123138171cec,750,en,fr,,http://test.swetedemo.weblite.ca/unisync_inventory/items2.php,"Unisync Inventory","Wed Jul  3 14:32:26 2013"
"PR Operator Ramp Equipment",,4,a0f6449c-e40f-11e2-bd1c-123138171cec,751,en,fr,,http://test.swetedemo.weblite.ca/unisync_inventory/items2.php,"Unisync Inventory","Wed Jul  3 14:32:26 2013"
"PR Marker PM",,3,a0f6449c-e40f-11e2-bd1c-123138171cec,752,en,fr,,http://test.swetedemo.weblite.ca/unisync_inventory/items2.php,"Unisync Inventory","Wed Jul  3 14:32:26 2013"
"PR Professional Customer Service Pick-up",,5,a0f6449c-e40f-11e2-bd1c-123138171cec,753,en,fr,,http://test.swetedemo.weblite.ca/unisync_inventory/items2.php,"Unisync Inventory","Wed Jul  3 14:32:26 2013"
"PR Specialist Data Completion",,4,a0f6449c-e40f-11e2-bd1c-123138171cec,754,en,fr,,http://test.swetedemo.weblite.ca/unisync_inventory/items2.php,"Unisync Inventory","Wed Jul  3 14:32:26 2013"
"PR Janitor",,2,a0f6449c-e40f-11e2-bd1c-123138171cec,755,en,fr,,http://test.swetedemo.weblite.ca/unisync_inventory/items2.php,"Unisync Inventory","Wed Jul  3 14:32:26 2013"
"PR Sorter Specialized PM",,4,a0f6449c-e40f-11e2-bd1c-123138171cec,756,en,fr,,http://test.swetedemo.weblite.ca/unisync_inventory/items2.php,"Unisync Inventory","Wed Jul  3 14:32:26 2013"
Fleet,,1,a0f6449c-e40f-11e2-bd1c-123138171cec,757,en,fr,,http://test.swetedemo.weblite.ca/unisync_inventory/items2.php,"Unisync Inventory","Wed Jul  3 14:32:26 2013"
"PR Mechanic Class A",,4,a0f6449c-e40f-11e2-bd1c-123138171cec,758,en,fr,,http://test.swetedemo.weblite.ca/unisync_inventory/items2.php,"Unisync Inventory","Wed Jul  3 14:32:26 2013"
"PR Support Rep Dispatch",,4,a0f6449c-e40f-11e2-bd1c-123138171cec,759,en,fr,,http://test.swetedemo.weblite.ca/unisync_inventory/items2.php,"Unisync Inventory","Wed Jul  3 14:32:26 2013"
Retail,,1,a0f6449c-e40f-11e2-bd1c-123138171cec,760,en,fr,,http://test.swetedemo.weblite.ca/unisync_inventory/items2.php,"Unisync Inventory","Wed Jul  3 14:32:26 2013"
"PR SUPPORT REP SHIPMENT RESOLUTION",,5,a0f6449c-e40f-11e2-bd1c-123138171cec,761,en,fr,,http://test.swetedemo.weblite.ca/unisync_inventory/items2.php,"Unisync Inventory","Wed Jul  3 14:32:26 2013"
"PR Rep Retail Sales",,4,a0f6449c-e40f-11e2-bd1c-123138171cec,762,en,fr,,http://test.swetedemo.weblite.ca/unisync_inventory/items2.php,"Unisync Inventory","Wed Jul  3 14:32:26 2013"
"PR ASSISTANT ADMINISTRATIVE",,3,a0f6449c-e40f-11e2-bd1c-123138171cec,763,en,fr,,http://test.swetedemo.weblite.ca/unisync_inventory/items2.php,"Unisync Inventory","Wed Jul  3 14:32:26 2013"
"PR Material Handling Equipment Tech",,5,a0f6449c-e40f-11e2-bd1c-123138171cec,764,en,fr,,http://test.swetedemo.weblite.ca/unisync_inventory/items2.php,"Unisync Inventory","Wed Jul  3 14:32:26 2013"
"PR Specialist Customer Automation",,4,a0f6449c-e40f-11e2-bd1c-123138171cec,765,en,fr,,http://test.swetedemo.weblite.ca/unisync_inventory/items2.php,"Unisync Inventory","Wed Jul  3 14:32:26 2013"
"PR Representative Customer Service",,4,a0f6449c-e40f-11e2-bd1c-123138171cec,766,en,fr,,http://test.swetedemo.weblite.ca/unisync_inventory/items2.php,"Unisync Inventory","Wed Jul  3 14:32:26 2013"
"PR Mechanic Diesel",,3,a0f6449c-e40f-11e2-bd1c-123138171cec,767,en,fr,,http://test.swetedemo.weblite.ca/unisync_inventory/items2.php,"Unisync Inventory","Wed Jul  3 14:32:26 2013"
"PR Analyst Financial",,3,a0f6449c-e40f-11e2-bd1c-123138171cec,768,en,fr,,http://test.swetedemo.weblite.ca/unisync_inventory/items2.php,"Unisync Inventory","Wed Jul  3 14:32:26 2013"
"PR Agent AR Adjustment",,4,a0f6449c-e40f-11e2-bd1c-123138171cec,769,en,fr,,http://test.swetedemo.weblite.ca/unisync_inventory/items2.php,"Unisync Inventory","Wed Jul  3 14:32:26 2013"
"PR Manager District II",,4,a0f6449c-e40f-11e2-bd1c-123138171cec,770,en,fr,,http://test.swetedemo.weblite.ca/unisync_inventory/items2.php,"Unisync Inventory","Wed Jul  3 14:32:26 2013"
Security,,1,a0f6449c-e40f-11e2-bd1c-123138171cec,771,en,fr,,http://test.swetedemo.weblite.ca/unisync_inventory/items2.php,"Unisync Inventory","Wed Jul  3 14:32:26 2013"
"PR Professional Loss Prevention",,4,a0f6449c-e40f-11e2-bd1c-123138171cec,772,en,fr,,http://test.swetedemo.weblite.ca/unisync_inventory/items2.php,"Unisync Inventory","Wed Jul  3 14:32:26 2013"
"PR Tradesperson Licenced",,3,a0f6449c-e40f-11e2-bd1c-123138171cec,773,en,fr,,http://test.swetedemo.weblite.ca/unisync_inventory/items2.php,"Unisync Inventory","Wed Jul  3 14:32:26 2013"
"PR Team Lead Customer Service",,5,a0f6449c-e40f-11e2-bd1c-123138171cec,774,en,fr,,http://test.swetedemo.weblite.ca/unisync_inventory/items2.php,"Unisync Inventory","Wed Jul  3 14:32:26 2013"
"PR Representative Admin Services",,4,a0f6449c-e40f-11e2-bd1c-123138171cec,775,en,fr,,http://test.swetedemo.weblite.ca/unisync_inventory/items2.php,"Unisync Inventory","Wed Jul  3 14:32:26 2013"
"PR Specialist Solutions",,3,a0f6449c-e40f-11e2-bd1c-123138171cec,776,en,fr,,http://test.swetedemo.weblite.ca/unisync_inventory/items2.php,"Unisync Inventory","Wed Jul  3 14:32:26 2013"
"PR Prof Security &amp; LP - Shift Leader",,7,a0f6449c-e40f-11e2-bd1c-123138171cec,777,en,fr,,http://test.swetedemo.weblite.ca/unisync_inventory/items2.php,"Unisync Inventory","Wed Jul  3 14:32:26 2013"
"PR Representative Central Unmarks",,4,a0f6449c-e40f-11e2-bd1c-123138171cec,778,en,fr,,http://test.swetedemo.weblite.ca/unisync_inventory/items2.php,"Unisync Inventory","Wed Jul  3 14:32:26 2013"
"Manager - Courier Line Haul",,5,a0f6449c-e40f-11e2-bd1c-123138171cec,779,en,fr,,http://test.swetedemo.weblite.ca/unisync_inventory/items2.php,"Unisync Inventory","Wed Jul  3 14:32:26 2013"
"PR Manager Unit",,3,a0f6449c-e40f-11e2-bd1c-123138171cec,780,en,fr,,http://test.swetedemo.weblite.ca/unisync_inventory/items2.php,"Unisync Inventory","Wed Jul  3 14:32:27 2013"
"PR Ntl Acct Exec - Core Mix Growth",,8,a0f6449c-e40f-11e2-bd1c-123138171cec,781,en,fr,,http://test.swetedemo.weblite.ca/unisync_inventory/items2.php,"Unisync Inventory","Wed Jul  3 14:32:27 2013"
"PR ACCOUNT EXECUTIVE",,3,a0f6449c-e40f-11e2-bd1c-123138171cec,782,en,fr,,http://test.swetedemo.weblite.ca/unisync_inventory/items2.php,"Unisync Inventory","Wed Jul  3 14:32:27 2013"
"PR Manager LTL Operations",,4,a0f6449c-e40f-11e2-bd1c-123138171cec,783,en,fr,,http://test.swetedemo.weblite.ca/unisync_inventory/items2.php,"Unisync Inventory","Wed Jul  3 14:32:27 2013"
"PR ANALYST NETWORK PLANNING",,4,a0f6449c-e40f-11e2-bd1c-123138171cec,784,en,fr,,http://test.swetedemo.weblite.ca/unisync_inventory/items2.php,"Unisync Inventory","Wed Jul  3 14:32:27 2013"
"PR Manager Product II",,4,a0f6449c-e40f-11e2-bd1c-123138171cec,785,en,fr,,http://test.swetedemo.weblite.ca/unisync_inventory/items2.php,"Unisync Inventory","Wed Jul  3 14:32:27 2013"
"PR Apprentice Mechanic Diesel",,4,a0f6449c-e40f-11e2-bd1c-123138171cec,786,en,fr,,http://test.swetedemo.weblite.ca/unisync_inventory/items2.php,"Unisync Inventory","Wed Jul  3 14:32:27 2013"
"Manager - Air Ops",,4,a0f6449c-e40f-11e2-bd1c-123138171cec,787,en,fr,,http://test.swetedemo.weblite.ca/unisync_inventory/items2.php,"Unisync Inventory","Wed Jul  3 14:32:27 2013"
"PR Manager Ramp Air",,4,a0f6449c-e40f-11e2-bd1c-123138171cec,788,en,fr,,http://test.swetedemo.weblite.ca/unisync_inventory/items2.php,"Unisync Inventory","Wed Jul  3 14:32:27 2013"
"PR Manager Quality Systems &amp; Processes",,5,a0f6449c-e40f-11e2-bd1c-123138171cec,789,en,fr,,http://test.swetedemo.weblite.ca/unisync_inventory/items2.php,"Unisync Inventory","Wed Jul  3 14:32:27 2013"
"PR Manager Hub Sort",,4,a0f6449c-e40f-11e2-bd1c-123138171cec,790,en,fr,,http://test.swetedemo.weblite.ca/unisync_inventory/items2.php,"Unisync Inventory","Wed Jul  3 14:32:27 2013"
"PR Project Manager Facilities",,4,a0f6449c-e40f-11e2-bd1c-123138171cec,791,en,fr,,http://test.swetedemo.weblite.ca/unisync_inventory/items2.php,"Unisync Inventory","Wed Jul  3 14:32:27 2013"
"PR Consultant Human Resources I",,5,a0f6449c-e40f-11e2-bd1c-123138171cec,792,en,fr,,http://test.swetedemo.weblite.ca/unisync_inventory/items2.php,"Unisync Inventory","Wed Jul  3 14:32:27 2013"
"PR Manager Regional Air Operations",,5,a0f6449c-e40f-11e2-bd1c-123138171cec,793,en,fr,,http://test.swetedemo.weblite.ca/unisync_inventory/items2.php,"Unisync Inventory","Wed Jul  3 14:32:27 2013"
"PR SPEC NATIONAL ACCTS CUSTOMER SUPPORT",,6,a0f6449c-e40f-11e2-bd1c-123138171cec,794,en,fr,,http://test.swetedemo.weblite.ca/unisync_inventory/items2.php,"Unisync Inventory","Wed Jul  3 14:32:27 2013"
"PR Manager Regional Sales",,4,a0f6449c-e40f-11e2-bd1c-123138171cec,795,en,fr,,http://test.swetedemo.weblite.ca/unisync_inventory/items2.php,"Unisync Inventory","Wed Jul  3 14:32:27 2013"
"PR ENGINEER NETWORK",,3,a0f6449c-e40f-11e2-bd1c-123138171cec,796,en,fr,,http://test.swetedemo.weblite.ca/unisync_inventory/items2.php,"Unisync Inventory","Wed Jul  3 14:32:27 2013"
"PR Prf Customer Service Multi",,5,a0f6449c-e40f-11e2-bd1c-123138171cec,797,en,fr,,http://test.swetedemo.weblite.ca/unisync_inventory/items2.php,"Unisync Inventory","Wed Jul  3 14:32:27 2013"
"PR Specialist Marketing",,3,a0f6449c-e40f-11e2-bd1c-123138171cec,798,en,fr,,http://test.swetedemo.weblite.ca/unisync_inventory/items2.php,"Unisync Inventory","Wed Jul  3 14:32:27 2013"
"PR Intranet Designer",,3,a0f6449c-e40f-11e2-bd1c-123138171cec,799,en,fr,,http://test.swetedemo.weblite.ca/unisync_inventory/items2.php,"Unisync Inventory","Wed Jul  3 14:32:27 2013"
"PR Manager National Parts",,4,a0f6449c-e40f-11e2-bd1c-123138171cec,800,en,fr,,http://test.swetedemo.weblite.ca/unisync_inventory/items2.php,"Unisync Inventory","Wed Jul  3 14:32:27 2013"
"PR Analyst II Compensation",,4,a0f6449c-e40f-11e2-bd1c-123138171cec,801,en,fr,,http://test.swetedemo.weblite.ca/unisync_inventory/items2.php,"Unisync Inventory","Wed Jul  3 14:32:27 2013"
"PR Rep Inside Sales - Affiliates",,6,a0f6449c-e40f-11e2-bd1c-123138171cec,802,en,fr,,http://test.swetedemo.weblite.ca/unisync_inventory/items2.php,"Unisync Inventory","Wed Jul  3 14:32:27 2013"
"PR Senior Support Rep",,4,a0f6449c-e40f-11e2-bd1c-123138171cec,803,en,fr,,http://test.swetedemo.weblite.ca/unisync_inventory/items2.php,"Unisync Inventory","Wed Jul  3 14:32:27 2013"
"PR Operator Radio",,3,a0f6449c-e40f-11e2-bd1c-123138171cec,804,en,fr,,http://test.swetedemo.weblite.ca/unisync_inventory/items2.php,"Unisync Inventory","Wed Jul  3 14:32:27 2013"
"PR Project Manager Ops. Technology Dev't",,6,a0f6449c-e40f-11e2-bd1c-123138171cec,805,en,fr,,http://test.swetedemo.weblite.ca/unisync_inventory/items2.php,"Unisync Inventory","Wed Jul  3 14:32:27 2013"
"PR Prf Customer Service Intl &amp; Multi",,6,a0f6449c-e40f-11e2-bd1c-123138171cec,806,en,fr,,http://test.swetedemo.weblite.ca/unisync_inventory/items2.php,"Unisync Inventory","Wed Jul  3 14:32:27 2013"
"PR Representative Collection",,3,a0f6449c-e40f-11e2-bd1c-123138171cec,807,en,fr,,http://test.swetedemo.weblite.ca/unisync_inventory/items2.php,"Unisync Inventory","Wed Jul  3 14:32:27 2013"
"PR Analyst Document",,3,a0f6449c-e40f-11e2-bd1c-123138171cec,808,en,fr,,http://test.swetedemo.weblite.ca/unisync_inventory/items2.php,"Unisync Inventory","Wed Jul  3 14:32:27 2013"
"PR Rep Inside Sales - Cust Relationships",,7,a0f6449c-e40f-11e2-bd1c-123138171cec,809,en,fr,,http://test.swetedemo.weblite.ca/unisync_inventory/items2.php,"Unisync Inventory","Wed Jul  3 14:32:27 2013"
"PR Analyst Revenue Management",,4,a0f6449c-e40f-11e2-bd1c-123138171cec,810,en,fr,,http://test.swetedemo.weblite.ca/unisync_inventory/items2.php,"Unisync Inventory","Wed Jul  3 14:32:27 2013"
"PR Marker AM",,3,a0f6449c-e40f-11e2-bd1c-123138171cec,811,en,fr,,http://test.swetedemo.weblite.ca/unisync_inventory/items2.php,"Unisync Inventory","Wed Jul  3 14:32:27 2013"
"PR Apprentice Mechanic Class A",,5,a0f6449c-e40f-11e2-bd1c-123138171cec,812,en,fr,,http://test.swetedemo.weblite.ca/unisync_inventory/items2.php,"Unisync Inventory","Wed Jul  3 14:32:27 2013"
"PR Manager Sort",,3,a0f6449c-e40f-11e2-bd1c-123138171cec,813,en,fr,,http://test.swetedemo.weblite.ca/unisync_inventory/items2.php,"Unisync Inventory","Wed Jul  3 14:32:27 2013"
"PR CO-ORDINATOR BILLING CONTROL",,4,a0f6449c-e40f-11e2-bd1c-123138171cec,814,en,fr,,http://test.swetedemo.weblite.ca/unisync_inventory/items2.php,"Unisync Inventory","Wed Jul  3 14:32:27 2013"
"PR Technologist Operations II",,4,a0f6449c-e40f-11e2-bd1c-123138171cec,815,en,fr,,http://test.swetedemo.weblite.ca/unisync_inventory/items2.php,"Unisync Inventory","Wed Jul  3 14:32:27 2013"
"PR Specialist L&amp;D System &amp; Support",,6,a0f6449c-e40f-11e2-bd1c-123138171cec,816,en,fr,,http://test.swetedemo.weblite.ca/unisync_inventory/items2.php,"Unisync Inventory","Wed Jul  3 14:32:27 2013"
"PR Manager Leasing",,3,a0f6449c-e40f-11e2-bd1c-123138171cec,817,en,fr,,http://test.swetedemo.weblite.ca/unisync_inventory/items2.php,"Unisync Inventory","Wed Jul  3 14:32:27 2013"
"PR REPRESENTATIVE BILLING COMPLETION II",,5,a0f6449c-e40f-11e2-bd1c-123138171cec,818,en,fr,,http://test.swetedemo.weblite.ca/unisync_inventory/items2.php,"Unisync Inventory","Wed Jul  3 14:32:27 2013"
"PR Director Sales Field",,4,a0f6449c-e40f-11e2-bd1c-123138171cec,819,en,fr,,http://test.swetedemo.weblite.ca/unisync_inventory/items2.php,"Unisync Inventory","Wed Jul  3 14:32:27 2013"
"PR Mgr Inside Sales - Cust Relationships",,7,a0f6449c-e40f-11e2-bd1c-123138171cec,820,en,fr,,http://test.swetedemo.weblite.ca/unisync_inventory/items2.php,"Unisync Inventory","Wed Jul  3 14:32:27 2013"
"PR Manager Section Hub",,4,a0f6449c-e40f-11e2-bd1c-123138171cec,821,en,fr,,http://test.swetedemo.weblite.ca/unisync_inventory/items2.php,"Unisync Inventory","Wed Jul  3 14:32:27 2013"
"PR REPRESENTATIVE BILLING COMPLETION I",,5,a0f6449c-e40f-11e2-bd1c-123138171cec,822,en,fr,,http://test.swetedemo.weblite.ca/unisync_inventory/items2.php,"Unisync Inventory","Wed Jul  3 14:32:27 2013"
"PR Manager Internal Audit Finance",,5,a0f6449c-e40f-11e2-bd1c-123138171cec,823,en,fr,,http://test.swetedemo.weblite.ca/unisync_inventory/items2.php,"Unisync Inventory","Wed Jul  3 14:32:27 2013"
"PR Manager Admin Support/Projects",,5,a0f6449c-e40f-11e2-bd1c-123138171cec,824,en,fr,,http://test.swetedemo.weblite.ca/unisync_inventory/items2.php,"Unisync Inventory","Wed Jul  3 14:32:27 2013"
"PR Sorter Specialized AM",,4,a0f6449c-e40f-11e2-bd1c-123138171cec,825,en,fr,,http://test.swetedemo.weblite.ca/unisync_inventory/items2.php,"Unisync Inventory","Wed Jul  3 14:32:27 2013"
"PR ADMINISTRATOR WEB",,3,a0f6449c-e40f-11e2-bd1c-123138171cec,826,en,fr,,http://test.swetedemo.weblite.ca/unisync_inventory/items2.php,"Unisync Inventory","Wed Jul  3 14:32:27 2013"
"PR Multifunctional Support Rep GroupIII",,5,a0f6449c-e40f-11e2-bd1c-123138171cec,827,en,fr,,http://test.swetedemo.weblite.ca/unisync_inventory/items2.php,"Unisync Inventory","Wed Jul  3 14:32:27 2013"
"PR Analyst Business IS",,4,a0f6449c-e40f-11e2-bd1c-123138171cec,828,en,fr,,http://test.swetedemo.weblite.ca/unisync_inventory/items2.php,"Unisync Inventory","Wed Jul  3 14:32:27 2013"
"PR MGR MARKETING OPERATIONS",,4,a0f6449c-e40f-11e2-bd1c-123138171cec,829,en,fr,,http://test.swetedemo.weblite.ca/unisync_inventory/items2.php,"Unisync Inventory","Wed Jul  3 14:32:27 2013"
"PR Product Manager - I",,5,a0f6449c-e40f-11e2-bd1c-123138171cec,830,en,fr,,http://test.swetedemo.weblite.ca/unisync_inventory/items2.php,"Unisync Inventory","Wed Jul  3 14:32:27 2013"
"PR Manager Invoice Adjustments",,4,a0f6449c-e40f-11e2-bd1c-123138171cec,831,en,fr,,http://test.swetedemo.weblite.ca/unisync_inventory/items2.php,"Unisync Inventory","Wed Jul  3 14:32:27 2013"
"PR ANALYST II DATA INFORMATION",,5,a0f6449c-e40f-11e2-bd1c-123138171cec,832,en,fr,,http://test.swetedemo.weblite.ca/unisync_inventory/items2.php,"Unisync Inventory","Wed Jul  3 14:32:27 2013"
"PR Support Rep Fleet",,4,a0f6449c-e40f-11e2-bd1c-123138171cec,833,en,fr,,http://test.swetedemo.weblite.ca/unisync_inventory/items2.php,"Unisync Inventory","Wed Jul  3 14:32:27 2013"
"PR Customer Service Professional Trace",,5,a0f6449c-e40f-11e2-bd1c-123138171cec,834,en,fr,,http://test.swetedemo.weblite.ca/unisync_inventory/items2.php,"Unisync Inventory","Wed Jul  3 14:32:27 2013"
"PR Rep Hubs Process Support",,5,a0f6449c-e40f-11e2-bd1c-123138171cec,835,en,fr,,http://test.swetedemo.weblite.ca/unisync_inventory/items2.php,"Unisync Inventory","Wed Jul  3 14:32:27 2013"
"PR SUPPORT REP US &amp; INT'L GATEWAY",,6,a0f6449c-e40f-11e2-bd1c-123138171cec,836,en,fr,,http://test.swetedemo.weblite.ca/unisync_inventory/items2.php,"Unisync Inventory","Wed Jul  3 14:32:27 2013"
"PR Support Rep Data Entry",,5,a0f6449c-e40f-11e2-bd1c-123138171cec,837,en,fr,,http://test.swetedemo.weblite.ca/unisync_inventory/items2.php,"Unisync Inventory","Wed Jul  3 14:32:27 2013"
"PR Dispatcher Union",,3,a0f6449c-e40f-11e2-bd1c-123138171cec,838,en,fr,,http://test.swetedemo.weblite.ca/unisync_inventory/items2.php,"Unisync Inventory","Wed Jul  3 14:32:27 2013"
"PR Reg.l Health &amp; Safety Specialist II",,7,a0f6449c-e40f-11e2-bd1c-123138171cec,839,en,fr,,http://test.swetedemo.weblite.ca/unisync_inventory/items2.php,"Unisync Inventory","Wed Jul  3 14:32:27 2013"
"PR Administrator Senior Accounts Payable",,5,a0f6449c-e40f-11e2-bd1c-123138171cec,840,en,fr,,http://test.swetedemo.weblite.ca/unisync_inventory/items2.php,"Unisync Inventory","Wed Jul  3 14:32:27 2013"
"PR Support Rep Administrative",,4,a0f6449c-e40f-11e2-bd1c-123138171cec,841,en,fr,,http://test.swetedemo.weblite.ca/unisync_inventory/items2.php,"Unisync Inventory","Wed Jul  3 14:32:27 2013"
"PR ANALYST PAYROLL",,3,a0f6449c-e40f-11e2-bd1c-123138171cec,842,en,fr,,http://test.swetedemo.weblite.ca/unisync_inventory/items2.php,"Unisync Inventory","Wed Jul  3 14:32:27 2013"
"PR Agent Payment Processing",,4,a0f6449c-e40f-11e2-bd1c-123138171cec,843,en,fr,,http://test.swetedemo.weblite.ca/unisync_inventory/items2.php,"Unisync Inventory","Wed Jul  3 14:32:27 2013"
"PR Consultant Human Resources II",,5,a0f6449c-e40f-11e2-bd1c-123138171cec,844,en,fr,,http://test.swetedemo.weblite.ca/unisync_inventory/items2.php,"Unisync Inventory","Wed Jul  3 14:32:27 2013"
"PR Manager Customer Segment",,4,a0f6449c-e40f-11e2-bd1c-123138171cec,845,en,fr,,http://test.swetedemo.weblite.ca/unisync_inventory/items2.php,"Unisync Inventory","Wed Jul  3 14:32:28 2013"
"PR MANAGER NATIONAL CLIENT SERVICES",,5,a0f6449c-e40f-11e2-bd1c-123138171cec,846,en,fr,,http://test.swetedemo.weblite.ca/unisync_inventory/items2.php,"Unisync Inventory","Wed Jul  3 14:32:28 2013"
"PR Manager Department",,3,a0f6449c-e40f-11e2-bd1c-123138171cec,847,en,fr,,http://test.swetedemo.weblite.ca/unisync_inventory/items2.php,"Unisync Inventory","Wed Jul  3 14:32:28 2013"
"PR Manager Operations Systems",,4,a0f6449c-e40f-11e2-bd1c-123138171cec,848,en,fr,,http://test.swetedemo.weblite.ca/unisync_inventory/items2.php,"Unisync Inventory","Wed Jul  3 14:32:28 2013"
"PR Agent Preprint Supply",,4,a0f6449c-e40f-11e2-bd1c-123138171cec,849,en,fr,,http://test.swetedemo.weblite.ca/unisync_inventory/items2.php,"Unisync Inventory","Wed Jul  3 14:32:28 2013"
"PR Manager Solution Client Services",,5,a0f6449c-e40f-11e2-bd1c-123138171cec,850,en,fr,,http://test.swetedemo.weblite.ca/unisync_inventory/items2.php,"Unisync Inventory","Wed Jul  3 14:32:28 2013"
"PR Consultant Pension &amp; Benefits II",,5,a0f6449c-e40f-11e2-bd1c-123138171cec,851,en,fr,,http://test.swetedemo.weblite.ca/unisync_inventory/items2.php,"Unisync Inventory","Wed Jul  3 14:32:28 2013"
"PR Co-ordinator Hub Yard",,4,a0f6449c-e40f-11e2-bd1c-123138171cec,852,en,fr,,http://test.swetedemo.weblite.ca/unisync_inventory/items2.php,"Unisync Inventory","Wed Jul  3 14:32:28 2013"
"PR Manager Customer Service CC",,5,a0f6449c-e40f-11e2-bd1c-123138171cec,853,en,fr,,http://test.swetedemo.weblite.ca/unisync_inventory/items2.php,"Unisync Inventory","Wed Jul  3 14:32:28 2013"
"PR Mgr. Inside Sales Select",,5,a0f6449c-e40f-11e2-bd1c-123138171cec,854,en,fr,,http://test.swetedemo.weblite.ca/unisync_inventory/items2.php,"Unisync Inventory","Wed Jul  3 14:32:28 2013"
"PR Courier Relief",,3,a0f6449c-e40f-11e2-bd1c-123138171cec,855,en,fr,,http://test.swetedemo.weblite.ca/unisync_inventory/items2.php,"Unisync Inventory","Wed Jul  3 14:32:28 2013"
"PR Technical Consultant Client Solution",,5,a0f6449c-e40f-11e2-bd1c-123138171cec,856,en,fr,,http://test.swetedemo.weblite.ca/unisync_inventory/items2.php,"Unisync Inventory","Wed Jul  3 14:32:28 2013"
"PR SPECIALIST QUALITY SYSTEM I",,5,a0f6449c-e40f-11e2-bd1c-123138171cec,857,en,fr,,http://test.swetedemo.weblite.ca/unisync_inventory/items2.php,"Unisync Inventory","Wed Jul  3 14:32:28 2013"
"PR Manager Div. Continuous Improvement",,5,a0f6449c-e40f-11e2-bd1c-123138171cec,858,en,fr,,http://test.swetedemo.weblite.ca/unisync_inventory/items2.php,"Unisync Inventory","Wed Jul  3 14:32:28 2013"
"PR Manager Corporate Sponsorship",,4,a0f6449c-e40f-11e2-bd1c-123138171cec,859,en,fr,,http://test.swetedemo.weblite.ca/unisync_inventory/items2.php,"Unisync Inventory","Wed Jul  3 14:32:28 2013"
"PR PROF. CUSTOMER SERVICE - FREIGHT",,6,a0f6449c-e40f-11e2-bd1c-123138171cec,860,en,fr,,http://test.swetedemo.weblite.ca/unisync_inventory/items2.php,"Unisync Inventory","Wed Jul  3 14:32:28 2013"
"PR Specialist Drv Trg and Accident Prv",,7,a0f6449c-e40f-11e2-bd1c-123138171cec,861,en,fr,,http://test.swetedemo.weblite.ca/unisync_inventory/items2.php,"Unisync Inventory","Wed Jul  3 14:32:28 2013"
"PR GM INFORMATION TECHNOLOGY",,4,a0f6449c-e40f-11e2-bd1c-123138171cec,862,en,fr,,http://test.swetedemo.weblite.ca/unisync_inventory/items2.php,"Unisync Inventory","Wed Jul  3 14:32:28 2013"
"PR Director Business Systems",,4,a0f6449c-e40f-11e2-bd1c-123138171cec,863,en,fr,,http://test.swetedemo.weblite.ca/unisync_inventory/items2.php,"Unisync Inventory","Wed Jul  3 14:32:28 2013"
"PR Analyst Revenue Mgmt Business Support",,6,a0f6449c-e40f-11e2-bd1c-123138171cec,864,en,fr,,http://test.swetedemo.weblite.ca/unisync_inventory/items2.php,"Unisync Inventory","Wed Jul  3 14:32:28 2013"
"PR Specialist Business II",,4,a0f6449c-e40f-11e2-bd1c-123138171cec,865,en,fr,,http://test.swetedemo.weblite.ca/unisync_inventory/items2.php,"Unisync Inventory","Wed Jul  3 14:32:28 2013"
"PR MGR MARKETING &amp; CUSTOMER ANALYTICS",,5,a0f6449c-e40f-11e2-bd1c-123138171cec,866,en,fr,,http://test.swetedemo.weblite.ca/unisync_inventory/items2.php,"Unisync Inventory","Wed Jul  3 14:32:28 2013"
"PR Assistant Manager Loss Prevention",,5,a0f6449c-e40f-11e2-bd1c-123138171cec,867,en,fr,,http://test.swetedemo.weblite.ca/unisync_inventory/items2.php,"Unisync Inventory","Wed Jul  3 14:32:28 2013"
"PR Manager Billing Quality",,4,a0f6449c-e40f-11e2-bd1c-123138171cec,868,en,fr,,http://test.swetedemo.weblite.ca/unisync_inventory/items2.php,"Unisync Inventory","Wed Jul  3 14:32:28 2013"
"PR Manager Regional Fleet",,4,a0f6449c-e40f-11e2-bd1c-123138171cec,869,en,fr,,http://test.swetedemo.weblite.ca/unisync_inventory/items2.php,"Unisync Inventory","Wed Jul  3 14:32:28 2013"
"PR ANALYST DATA &amp; REPORTS",,4,a0f6449c-e40f-11e2-bd1c-123138171cec,870,en,fr,,http://test.swetedemo.weblite.ca/unisync_inventory/items2.php,"Unisync Inventory","Wed Jul  3 14:32:28 2013"
"PR Manager Marketing Revenue",,4,a0f6449c-e40f-11e2-bd1c-123138171cec,871,en,fr,,http://test.swetedemo.weblite.ca/unisync_inventory/items2.php,"Unisync Inventory","Wed Jul  3 14:32:28 2013"
"PR Manager Project III",,4,a0f6449c-e40f-11e2-bd1c-123138171cec,872,en,fr,,http://test.swetedemo.weblite.ca/unisync_inventory/items2.php,"Unisync Inventory","Wed Jul  3 14:32:28 2013"
"PR Consultant Pension &amp; Benefits I",,5,a0f6449c-e40f-11e2-bd1c-123138171cec,873,en,fr,,http://test.swetedemo.weblite.ca/unisync_inventory/items2.php,"Unisync Inventory","Wed Jul  3 14:32:28 2013"
"PR Manager District III",,4,a0f6449c-e40f-11e2-bd1c-123138171cec,874,en,fr,,http://test.swetedemo.weblite.ca/unisync_inventory/items2.php,"Unisync Inventory","Wed Jul  3 14:32:28 2013"
"PR DIRECTOR ENVIRONMENT, SAFETY &amp; HEALTH",,5,a0f6449c-e40f-11e2-bd1c-123138171cec,875,en,fr,,http://test.swetedemo.weblite.ca/unisync_inventory/items2.php,"Unisync Inventory","Wed Jul  3 14:32:28 2013"
"PR Washer Vehicle",,3,a0f6449c-e40f-11e2-bd1c-123138171cec,876,en,fr,,http://test.swetedemo.weblite.ca/unisync_inventory/items2.php,"Unisync Inventory","Wed Jul  3 14:32:28 2013"
"PR Project Lead Engineering",,4,a0f6449c-e40f-11e2-bd1c-123138171cec,877,en,fr,,http://test.swetedemo.weblite.ca/unisync_inventory/items2.php,"Unisync Inventory","Wed Jul  3 14:32:28 2013"
"PR Manager Region Retail",,4,a0f6449c-e40f-11e2-bd1c-123138171cec,878,en,fr,,http://test.swetedemo.weblite.ca/unisync_inventory/items2.php,"Unisync Inventory","Wed Jul  3 14:32:28 2013"
"PR Professional Customer Service Claims",,5,a0f6449c-e40f-11e2-bd1c-123138171cec,879,en,fr,,http://test.swetedemo.weblite.ca/unisync_inventory/items2.php,"Unisync Inventory","Wed Jul  3 14:32:28 2013"
"PR Technologist Operations I",,4,a0f6449c-e40f-11e2-bd1c-123138171cec,880,en,fr,,http://test.swetedemo.weblite.ca/unisync_inventory/items2.php,"Unisync Inventory","Wed Jul  3 14:32:28 2013"
"PR Assistant Executive Admin",,4,a0f6449c-e40f-11e2-bd1c-123138171cec,881,en,fr,,http://test.swetedemo.weblite.ca/unisync_inventory/items2.php,"Unisync Inventory","Wed Jul  3 14:32:28 2013"
"PR Specialist Contract Administration",,4,a0f6449c-e40f-11e2-bd1c-123138171cec,882,en,fr,,http://test.swetedemo.weblite.ca/unisync_inventory/items2.php,"Unisync Inventory","Wed Jul  3 14:32:28 2013"
"PR Specialist Corporate Sponsorship",,4,a0f6449c-e40f-11e2-bd1c-123138171cec,883,en,fr,,http://test.swetedemo.weblite.ca/unisync_inventory/items2.php,"Unisync Inventory","Wed Jul  3 14:32:28 2013"
"PR Project Analyst Customer Automation",,5,a0f6449c-e40f-11e2-bd1c-123138171cec,884,en,fr,,http://test.swetedemo.weblite.ca/unisync_inventory/items2.php,"Unisync Inventory","Wed Jul  3 14:32:28 2013"
"PR Engineer Field Service",,4,a0f6449c-e40f-11e2-bd1c-123138171cec,885,en,fr,,http://test.swetedemo.weblite.ca/unisync_inventory/items2.php,"Unisync Inventory","Wed Jul  3 14:32:28 2013"
"PR Assistant Human Resources",,4,a0f6449c-e40f-11e2-bd1c-123138171cec,886,en,fr,,http://test.swetedemo.weblite.ca/unisync_inventory/items2.php,"Unisync Inventory","Wed Jul  3 14:32:28 2013"
"PR Co-ordinator Sales",,3,a0f6449c-e40f-11e2-bd1c-123138171cec,887,en,fr,,http://test.swetedemo.weblite.ca/unisync_inventory/items2.php,"Unisync Inventory","Wed Jul  3 14:32:28 2013"
"PR Manager Divisional Operations Finance",,5,a0f6449c-e40f-11e2-bd1c-123138171cec,888,en,fr,,http://test.swetedemo.weblite.ca/unisync_inventory/items2.php,"Unisync Inventory","Wed Jul  3 14:32:28 2013"
"PR Rep Inside Sales SOHO and Support",,7,a0f6449c-e40f-11e2-bd1c-123138171cec,889,en,fr,,http://test.swetedemo.weblite.ca/unisync_inventory/items2.php,"Unisync Inventory","Wed Jul  3 14:32:28 2013"
"PR Receptionist",,2,a0f6449c-e40f-11e2-bd1c-123138171cec,890,en,fr,,http://test.swetedemo.weblite.ca/unisync_inventory/items2.php,"Unisync Inventory","Wed Jul  3 14:32:28 2013"
"PR International Import &amp; Export Co-ord",,5,a0f6449c-e40f-11e2-bd1c-123138171cec,891,en,fr,,http://test.swetedemo.weblite.ca/unisync_inventory/items2.php,"Unisync Inventory","Wed Jul  3 14:32:28 2013"
"PR Lead Continuous Improvement",,4,a0f6449c-e40f-11e2-bd1c-123138171cec,892,en,fr,,http://test.swetedemo.weblite.ca/unisync_inventory/items2.php,"Unisync Inventory","Wed Jul  3 14:32:28 2013"
"PR SPECIALIST LEARNING &amp; DEVELOPMENT",,4,a0f6449c-e40f-11e2-bd1c-123138171cec,893,en,fr,,http://test.swetedemo.weblite.ca/unisync_inventory/items2.php,"Unisync Inventory","Wed Jul  3 14:32:28 2013"
"PR Director Strategy",,3,a0f6449c-e40f-11e2-bd1c-123138171cec,894,en,fr,,http://test.swetedemo.weblite.ca/unisync_inventory/items2.php,"Unisync Inventory","Wed Jul  3 14:32:28 2013"
"PR SPECIALIST QUALITY SYSTEM II",,5,a0f6449c-e40f-11e2-bd1c-123138171cec,895,en,fr,,http://test.swetedemo.weblite.ca/unisync_inventory/items2.php,"Unisync Inventory","Wed Jul  3 14:32:28 2013"
"PR Administrator Int Accounts Payable",,5,a0f6449c-e40f-11e2-bd1c-123138171cec,896,en,fr,,http://test.swetedemo.weblite.ca/unisync_inventory/items2.php,"Unisync Inventory","Wed Jul  3 14:32:28 2013"
"PR Specialist Technology Support",,4,a0f6449c-e40f-11e2-bd1c-123138171cec,897,en,fr,,http://test.swetedemo.weblite.ca/unisync_inventory/items2.php,"Unisync Inventory","Wed Jul  3 14:32:28 2013"
"PR District Manager <v id=""1"">1</v>",,6,a0f6449c-e40f-11e2-bd1c-123138171cec,898,en,fr,,http://test.swetedemo.weblite.ca/unisync_inventory/items2.php,"Unisync Inventory","Wed Jul  3 14:32:28 2013"
"PR MGR INSIDE SALES ACQUISITION &amp; RTNTN",,6,a0f6449c-e40f-11e2-bd1c-123138171cec,899,en,fr,,http://test.swetedemo.weblite.ca/unisync_inventory/items2.php,"Unisync Inventory","Wed Jul  3 14:32:28 2013"
"PR Manager Continuous Improvement",,4,a0f6449c-e40f-11e2-bd1c-123138171cec,900,en,fr,,http://test.swetedemo.weblite.ca/unisync_inventory/items2.php,"Unisync Inventory","Wed Jul  3 14:32:28 2013"
"PR MANAGER SECURITY &amp; LOSS PREVENTION",,5,a0f6449c-e40f-11e2-bd1c-123138171cec,901,en,fr,,http://test.swetedemo.weblite.ca/unisync_inventory/items2.php,"Unisync Inventory","Wed Jul  3 14:32:28 2013"
"PR Support Rep Corp Mail Distribution",,6,a0f6449c-e40f-11e2-bd1c-123138171cec,902,en,fr,,http://test.swetedemo.weblite.ca/unisync_inventory/items2.php,"Unisync Inventory","Wed Jul  3 14:32:28 2013"
"PR Dir Operations Technology Development",,5,a0f6449c-e40f-11e2-bd1c-123138171cec,903,en,fr,,http://test.swetedemo.weblite.ca/unisync_inventory/items2.php,"Unisync Inventory","Wed Jul  3 14:32:28 2013"
"PR MGR REVENUE MGMT SUPPORT",,5,a0f6449c-e40f-11e2-bd1c-123138171cec,904,en,fr,,http://test.swetedemo.weblite.ca/unisync_inventory/items2.php,"Unisync Inventory","Wed Jul  3 14:32:28 2013"
"PR Support Rep AR Correspondence",,5,a0f6449c-e40f-11e2-bd1c-123138171cec,905,en,fr,,http://test.swetedemo.weblite.ca/unisync_inventory/items2.php,"Unisync Inventory","Wed Jul  3 14:32:28 2013"
"PR Professional Customer Srv Automation",,5,a0f6449c-e40f-11e2-bd1c-123138171cec,906,en,fr,,http://test.swetedemo.weblite.ca/unisync_inventory/items2.php,"Unisync Inventory","Wed Jul  3 14:32:28 2013"
"PR Director Operations",,3,a0f6449c-e40f-11e2-bd1c-123138171cec,907,en,fr,,http://test.swetedemo.weblite.ca/unisync_inventory/items2.php,"Unisync Inventory","Wed Jul  3 14:32:28 2013"
"PR ASSISTANT MANAGER DANGEROUS GOODS",,5,a0f6449c-e40f-11e2-bd1c-123138171cec,908,en,fr,,http://test.swetedemo.weblite.ca/unisync_inventory/items2.php,"Unisync Inventory","Wed Jul  3 14:32:28 2013"
"PR SPEC EXPORT/IMPORT CUSTOMER SUPPORT",,6,a0f6449c-e40f-11e2-bd1c-123138171cec,909,en,fr,,http://test.swetedemo.weblite.ca/unisync_inventory/items2.php,"Unisync Inventory","Wed Jul  3 14:32:29 2013"
"PR Prf Customer Service Intl Trace",,6,a0f6449c-e40f-11e2-bd1c-123138171cec,910,en,fr,,http://test.swetedemo.weblite.ca/unisync_inventory/items2.php,"Unisync Inventory","Wed Jul  3 14:32:29 2013"
"PR Sorter Relief",,3,a0f6449c-e40f-11e2-bd1c-123138171cec,911,en,fr,,http://test.swetedemo.weblite.ca/unisync_inventory/items2.php,"Unisync Inventory","Wed Jul  3 14:32:29 2013"
"PR Specialist WCB and CSST",,5,a0f6449c-e40f-11e2-bd1c-123138171cec,912,en,fr,,http://test.swetedemo.weblite.ca/unisync_inventory/items2.php,"Unisync Inventory","Wed Jul  3 14:32:29 2013"
"PR Operator Scanner",,3,a0f6449c-e40f-11e2-bd1c-123138171cec,913,en,fr,,http://test.swetedemo.weblite.ca/unisync_inventory/items2.php,"Unisync Inventory","Wed Jul  3 14:32:29 2013"
"PR Director Procurement",,3,a0f6449c-e40f-11e2-bd1c-123138171cec,914,en,fr,,http://test.swetedemo.weblite.ca/unisync_inventory/items2.php,"Unisync Inventory","Wed Jul  3 14:32:29 2013"
"PR CONSULTANT L&amp;D DESIGN &amp; DEV'T",,6,a0f6449c-e40f-11e2-bd1c-123138171cec,915,en,fr,,http://test.swetedemo.weblite.ca/unisync_inventory/items2.php,"Unisync Inventory","Wed Jul  3 14:32:29 2013"
"PR Courier Foot",,3,a0f6449c-e40f-11e2-bd1c-123138171cec,916,en,fr,,http://test.swetedemo.weblite.ca/unisync_inventory/items2.php,"Unisync Inventory","Wed Jul  3 14:32:29 2013"
"PR Manager Taxation and Treasury",,5,a0f6449c-e40f-11e2-bd1c-123138171cec,917,en,fr,,http://test.swetedemo.weblite.ca/unisync_inventory/items2.php,"Unisync Inventory","Wed Jul  3 14:32:29 2013"
"PR Analyst Taxation",,3,a0f6449c-e40f-11e2-bd1c-123138171cec,918,en,fr,,http://test.swetedemo.weblite.ca/unisync_inventory/items2.php,"Unisync Inventory","Wed Jul  3 14:32:29 2013"
"PR Director Compensation &amp; Benefits",,4,a0f6449c-e40f-11e2-bd1c-123138171cec,919,en,fr,,http://test.swetedemo.weblite.ca/unisync_inventory/items2.php,"Unisync Inventory","Wed Jul  3 14:32:29 2013"
"PR Specialist Health Services",,4,a0f6449c-e40f-11e2-bd1c-123138171cec,920,en,fr,,http://test.swetedemo.weblite.ca/unisync_inventory/items2.php,"Unisync Inventory","Wed Jul  3 14:32:29 2013"
"PR Maintenance",,2,a0f6449c-e40f-11e2-bd1c-123138171cec,921,en,fr,,http://test.swetedemo.weblite.ca/unisync_inventory/items2.php,"Unisync Inventory","Wed Jul  3 14:32:29 2013"
"PR Specialist Retail Field",,4,a0f6449c-e40f-11e2-bd1c-123138171cec,922,en,fr,,http://test.swetedemo.weblite.ca/unisync_inventory/items2.php,"Unisync Inventory","Wed Jul  3 14:32:29 2013"
"PR Manager Clerical Operations Support",,5,a0f6449c-e40f-11e2-bd1c-123138171cec,923,en,fr,,http://test.swetedemo.weblite.ca/unisync_inventory/items2.php,"Unisync Inventory","Wed Jul  3 14:32:29 2013"
"PR National Acct Exec - Opport Growth",,7,a0f6449c-e40f-11e2-bd1c-123138171cec,924,en,fr,,http://test.swetedemo.weblite.ca/unisync_inventory/items2.php,"Unisync Inventory","Wed Jul  3 14:32:29 2013"
"PR GENERAL MANAGER SALES EFFECTIVENESS",,5,a0f6449c-e40f-11e2-bd1c-123138171cec,925,en,fr,,http://test.swetedemo.weblite.ca/unisync_inventory/items2.php,"Unisync Inventory","Wed Jul  3 14:32:29 2013"
"PR TEAM LEAD SHIPPING CHANNEL QA/TESTING",,7,a0f6449c-e40f-11e2-bd1c-123138171cec,926,en,fr,,http://test.swetedemo.weblite.ca/unisync_inventory/items2.php,"Unisync Inventory","Wed Jul  3 14:32:29 2013"
"PR Manager Procurement Category",,4,a0f6449c-e40f-11e2-bd1c-123138171cec,927,en,fr,,http://test.swetedemo.weblite.ca/unisync_inventory/items2.php,"Unisync Inventory","Wed Jul  3 14:32:29 2013"
"PR Legal Counsel II",,4,a0f6449c-e40f-11e2-bd1c-123138171cec,928,en,fr,,http://test.swetedemo.weblite.ca/unisync_inventory/items2.php,"Unisync Inventory","Wed Jul  3 14:32:29 2013"
"PR Maintenance General Building",,4,a0f6449c-e40f-11e2-bd1c-123138171cec,929,en,fr,,http://test.swetedemo.weblite.ca/unisync_inventory/items2.php,"Unisync Inventory","Wed Jul  3 14:32:29 2013"
"PR Corp Manager Internal Communications",,5,a0f6449c-e40f-11e2-bd1c-123138171cec,930,en,fr,,http://test.swetedemo.weblite.ca/unisync_inventory/items2.php,"Unisync Inventory","Wed Jul  3 14:32:29 2013"
"PR Co-ordinator Projects and Budget",,5,a0f6449c-e40f-11e2-bd1c-123138171cec,931,en,fr,,http://test.swetedemo.weblite.ca/unisync_inventory/items2.php,"Unisync Inventory","Wed Jul  3 14:32:29 2013"
"PR Foreman Garage",,3,a0f6449c-e40f-11e2-bd1c-123138171cec,932,en,fr,,http://test.swetedemo.weblite.ca/unisync_inventory/items2.php,"Unisync Inventory","Wed Jul  3 14:32:29 2013"
"PR Manager Collections",,3,a0f6449c-e40f-11e2-bd1c-123138171cec,933,en,fr,,http://test.swetedemo.weblite.ca/unisync_inventory/items2.php,"Unisync Inventory","Wed Jul  3 14:32:29 2013"
"PR Director Finance",,3,a0f6449c-e40f-11e2-bd1c-123138171cec,934,en,fr,,http://test.swetedemo.weblite.ca/unisync_inventory/items2.php,"Unisync Inventory","Wed Jul  3 14:32:29 2013"
"PR Manager Corporate &amp; Market Strategy",,5,a0f6449c-e40f-11e2-bd1c-123138171cec,935,en,fr,,http://test.swetedemo.weblite.ca/unisync_inventory/items2.php,"Unisync Inventory","Wed Jul  3 14:32:29 2013"
"PR Regional Health &amp; Safety Spcialist I",,6,a0f6449c-e40f-11e2-bd1c-123138171cec,936,en,fr,,http://test.swetedemo.weblite.ca/unisync_inventory/items2.php,"Unisync Inventory","Wed Jul  3 14:32:29 2013"
"PR Specialist Proposal Process",,4,a0f6449c-e40f-11e2-bd1c-123138171cec,937,en,fr,,http://test.swetedemo.weblite.ca/unisync_inventory/items2.php,"Unisync Inventory","Wed Jul  3 14:32:29 2013"
"PR SPECIALIST ADMIN &amp; BUDGET",,4,a0f6449c-e40f-11e2-bd1c-123138171cec,938,en,fr,,http://test.swetedemo.weblite.ca/unisync_inventory/items2.php,"Unisync Inventory","Wed Jul  3 14:32:29 2013"
"PR Specialist Communications",,3,a0f6449c-e40f-11e2-bd1c-123138171cec,939,en,fr,,http://test.swetedemo.weblite.ca/unisync_inventory/items2.php,"Unisync Inventory","Wed Jul  3 14:32:29 2013"
"PR Co-ordinator Hub Control Room",,5,a0f6449c-e40f-11e2-bd1c-123138171cec,940,en,fr,,http://test.swetedemo.weblite.ca/unisync_inventory/items2.php,"Unisync Inventory","Wed Jul  3 14:32:29 2013"
"PR Director Accounting &amp; Financial Rptg",,5,a0f6449c-e40f-11e2-bd1c-123138171cec,941,en,fr,,http://test.swetedemo.weblite.ca/unisync_inventory/items2.php,"Unisync Inventory","Wed Jul  3 14:32:29 2013"
"PR MGR. INVENTORY INTL. MAINTENANCE",,5,a0f6449c-e40f-11e2-bd1c-123138171cec,942,en,fr,,http://test.swetedemo.weblite.ca/unisync_inventory/items2.php,"Unisync Inventory","Wed Jul  3 14:32:29 2013"
"PR Support Rep Human Resources",,5,a0f6449c-e40f-11e2-bd1c-123138171cec,943,en,fr,,http://test.swetedemo.weblite.ca/unisync_inventory/items2.php,"Unisync Inventory","Wed Jul  3 14:32:29 2013"
"PR Specialist Customer Account",,4,a0f6449c-e40f-11e2-bd1c-123138171cec,944,en,fr,,http://test.swetedemo.weblite.ca/unisync_inventory/items2.php,"Unisync Inventory","Wed Jul  3 14:32:29 2013"
"PR Co-ordinator Linehaul/Air Corporate",,5,a0f6449c-e40f-11e2-bd1c-123138171cec,945,en,fr,,http://test.swetedemo.weblite.ca/unisync_inventory/items2.php,"Unisync Inventory","Wed Jul  3 14:32:29 2013"
"PR Business Analyst Customer Automation",,5,a0f6449c-e40f-11e2-bd1c-123138171cec,946,en,fr,,http://test.swetedemo.weblite.ca/unisync_inventory/items2.php,"Unisync Inventory","Wed Jul  3 14:32:29 2013"
"PR SPECIALIST NTL ACCTS CONTRACT MGMT",,6,a0f6449c-e40f-11e2-bd1c-123138171cec,947,en,fr,,http://test.swetedemo.weblite.ca/unisync_inventory/items2.php,"Unisync Inventory","Wed Jul  3 14:32:29 2013"
"PR VP Sales",,3,a0f6449c-e40f-11e2-bd1c-123138171cec,948,en,fr,,http://test.swetedemo.weblite.ca/unisync_inventory/items2.php,"Unisync Inventory","Wed Jul  3 14:32:29 2013"
"PR Linehaul Relief",,3,a0f6449c-e40f-11e2-bd1c-123138171cec,949,en,fr,,http://test.swetedemo.weblite.ca/unisync_inventory/items2.php,"Unisync Inventory","Wed Jul  3 14:32:29 2013"
"PR Director Sales Effectiveness",,4,a0f6449c-e40f-11e2-bd1c-123138171cec,950,en,fr,,http://test.swetedemo.weblite.ca/unisync_inventory/items2.php,"Unisync Inventory","Wed Jul  3 14:32:29 2013"
"PR SPECIALIST LTL BI DEV. (FREIGHT)",,6,a0f6449c-e40f-11e2-bd1c-123138171cec,951,en,fr,,http://test.swetedemo.weblite.ca/unisync_inventory/items2.php,"Unisync Inventory","Wed Jul  3 14:32:29 2013"
"PR Consultant Communications",,3,a0f6449c-e40f-11e2-bd1c-123138171cec,952,en,fr,,http://test.swetedemo.weblite.ca/unisync_inventory/items2.php,"Unisync Inventory","Wed Jul  3 14:32:29 2013"
"PR Mgr Regulatory Affairs",,4,a0f6449c-e40f-11e2-bd1c-123138171cec,953,en,fr,,http://test.swetedemo.weblite.ca/unisync_inventory/items2.php,"Unisync Inventory","Wed Jul  3 14:32:29 2013"
"PR Manager Divisional Human Resources",,5,a0f6449c-e40f-11e2-bd1c-123138171cec,954,en,fr,,http://test.swetedemo.weblite.ca/unisync_inventory/items2.php,"Unisync Inventory","Wed Jul  3 14:32:29 2013"
"PR Support Rep Check In/Out &amp; FMR NU",,8,a0f6449c-e40f-11e2-bd1c-123138171cec,955,en,fr,,http://test.swetedemo.weblite.ca/unisync_inventory/items2.php,"Unisync Inventory","Wed Jul  3 14:32:29 2013"
"PR Prof Security &amp; LP - Site Lead",,7,a0f6449c-e40f-11e2-bd1c-123138171cec,956,en,fr,,http://test.swetedemo.weblite.ca/unisync_inventory/items2.php,"Unisync Inventory","Wed Jul  3 14:32:29 2013"
"PR Manager Data Completion",,4,a0f6449c-e40f-11e2-bd1c-123138171cec,957,en,fr,,http://test.swetedemo.weblite.ca/unisync_inventory/items2.php,"Unisync Inventory","Wed Jul  3 14:32:29 2013"
"PR SVP &amp; Chief Financial Officer",,5,a0f6449c-e40f-11e2-bd1c-123138171cec,958,en,fr,,http://test.swetedemo.weblite.ca/unisync_inventory/items2.php,"Unisync Inventory","Wed Jul  3 14:32:29 2013"
"PR Executive PI Business Development",,5,a0f6449c-e40f-11e2-bd1c-123138171cec,959,en,fr,,http://test.swetedemo.weblite.ca/unisync_inventory/items2.php,"Unisync Inventory","Wed Jul  3 14:32:29 2013"
"PR ANALYST DATA CA/SHIPPING CHANNELS",,6,a0f6449c-e40f-11e2-bd1c-123138171cec,960,en,fr,,http://test.swetedemo.weblite.ca/unisync_inventory/items2.php,"Unisync Inventory","Wed Jul  3 14:32:29 2013"
"PR Manager Accounts Receivable",,4,a0f6449c-e40f-11e2-bd1c-123138171cec,961,en,fr,,http://test.swetedemo.weblite.ca/unisync_inventory/items2.php,"Unisync Inventory","Wed Jul  3 14:32:29 2013"
"PR Director Air Operations",,4,a0f6449c-e40f-11e2-bd1c-123138171cec,962,en,fr,,http://test.swetedemo.weblite.ca/unisync_inventory/items2.php,"Unisync Inventory","Wed Jul  3 14:32:29 2013"
"PR Manager Air Systems Operations",,5,a0f6449c-e40f-11e2-bd1c-123138171cec,963,en,fr,,http://test.swetedemo.weblite.ca/unisync_inventory/items2.php,"Unisync Inventory","Wed Jul  3 14:32:29 2013"
"PR Manager Dangerous Goods",,4,a0f6449c-e40f-11e2-bd1c-123138171cec,964,en,fr,,http://test.swetedemo.weblite.ca/unisync_inventory/items2.php,"Unisync Inventory","Wed Jul  3 14:32:29 2013"
"PR Manager Divisional Ctm Automation",,5,a0f6449c-e40f-11e2-bd1c-123138171cec,965,en,fr,,http://test.swetedemo.weblite.ca/unisync_inventory/items2.php,"Unisync Inventory","Wed Jul  3 14:32:29 2013"
"PR Manager Marketing Communication",,4,a0f6449c-e40f-11e2-bd1c-123138171cec,966,en,fr,,http://test.swetedemo.weblite.ca/unisync_inventory/items2.php,"Unisync Inventory","Wed Jul  3 14:32:29 2013"
"PR Manager Insurance &amp; Operational Risks",,5,a0f6449c-e40f-11e2-bd1c-123138171cec,967,en,fr,,http://test.swetedemo.weblite.ca/unisync_inventory/items2.php,"Unisync Inventory","Wed Jul  3 14:32:29 2013"
"PR Director Applications Portfolio",,4,a0f6449c-e40f-11e2-bd1c-123138171cec,968,en,fr,,http://test.swetedemo.weblite.ca/unisync_inventory/items2.php,"Unisync Inventory","Wed Jul  3 14:32:29 2013"
"PR Admin Asst. Legal",,4,a0f6449c-e40f-11e2-bd1c-123138171cec,969,en,fr,,http://test.swetedemo.weblite.ca/unisync_inventory/items2.php,"Unisync Inventory","Wed Jul  3 14:32:29 2013"
"PR Manager Divisional Retail",,4,a0f6449c-e40f-11e2-bd1c-123138171cec,970,en,fr,,http://test.swetedemo.weblite.ca/unisync_inventory/items2.php,"Unisync Inventory","Wed Jul  3 14:32:29 2013"
"PR MANAGER NTL TRACE AND CLAIMS",,6,a0f6449c-e40f-11e2-bd1c-123138171cec,971,en,fr,,http://test.swetedemo.weblite.ca/unisync_inventory/items2.php,"Unisync Inventory","Wed Jul  3 14:32:29 2013"
"PR Manager Operations",,3,a0f6449c-e40f-11e2-bd1c-123138171cec,972,en,fr,,http://test.swetedemo.weblite.ca/unisync_inventory/items2.php,"Unisync Inventory","Wed Jul  3 14:32:29 2013"
"PR Manager Dispatch",,3,a0f6449c-e40f-11e2-bd1c-123138171cec,973,en,fr,,http://test.swetedemo.weblite.ca/unisync_inventory/items2.php,"Unisync Inventory","Wed Jul  3 14:32:29 2013"
"PR Director Business Planning",,4,a0f6449c-e40f-11e2-bd1c-123138171cec,974,en,fr,,http://test.swetedemo.weblite.ca/unisync_inventory/items2.php,"Unisync Inventory","Wed Jul  3 14:32:30 2013"
"PR Mgr Freight Security &amp; Loss Prevent",,6,a0f6449c-e40f-11e2-bd1c-123138171cec,975,en,fr,,http://test.swetedemo.weblite.ca/unisync_inventory/items2.php,"Unisync Inventory","Wed Jul  3 14:32:30 2013"
"PR MGR. L&amp;D, SYSTEMS &amp; SUPPORT",,6,a0f6449c-e40f-11e2-bd1c-123138171cec,976,en,fr,,http://test.swetedemo.weblite.ca/unisync_inventory/items2.php,"Unisync Inventory","Wed Jul  3 14:32:30 2013"
"PR Manager Divisional Engineering",,4,a0f6449c-e40f-11e2-bd1c-123138171cec,977,en,fr,,http://test.swetedemo.weblite.ca/unisync_inventory/items2.php,"Unisync Inventory","Wed Jul  3 14:32:30 2013"
"PR REP INSIDE SALES RETENTION",,5,a0f6449c-e40f-11e2-bd1c-123138171cec,978,en,fr,,http://test.swetedemo.weblite.ca/unisync_inventory/items2.php,"Unisync Inventory","Wed Jul  3 14:32:30 2013"
"PR GM OPERATIONS",,3,a0f6449c-e40f-11e2-bd1c-123138171cec,979,en,fr,,http://test.swetedemo.weblite.ca/unisync_inventory/items2.php,"Unisync Inventory","Wed Jul  3 14:32:30 2013"
"PR Technician Hardware",,3,a0f6449c-e40f-11e2-bd1c-123138171cec,980,en,fr,,http://test.swetedemo.weblite.ca/unisync_inventory/items2.php,"Unisync Inventory","Wed Jul  3 14:32:30 2013"
"PR Rep Collection Natl/U.S. Accounts",,7,a0f6449c-e40f-11e2-bd1c-123138171cec,981,en,fr,,http://test.swetedemo.weblite.ca/unisync_inventory/items2.php,"Unisync Inventory","Wed Jul  3 14:32:30 2013"
"PR SPECIALIST CONTRACTS",,3,a0f6449c-e40f-11e2-bd1c-123138171cec,982,en,fr,,http://test.swetedemo.weblite.ca/unisync_inventory/items2.php,"Unisync Inventory","Wed Jul  3 14:32:30 2013"
"PR ASSISTANT MANAGER REGIONAL FLEET",,5,a0f6449c-e40f-11e2-bd1c-123138171cec,983,en,fr,,http://test.swetedemo.weblite.ca/unisync_inventory/items2.php,"Unisync Inventory","Wed Jul  3 14:32:30 2013"
"PR SECRETARY - UNION",,4,a0f6449c-e40f-11e2-bd1c-123138171cec,984,en,fr,,http://test.swetedemo.weblite.ca/unisync_inventory/items2.php,"Unisync Inventory","Wed Jul  3 14:32:30 2013"
"PR Material Equipment Handling Engineer",,5,a0f6449c-e40f-11e2-bd1c-123138171cec,985,en,fr,,http://test.swetedemo.weblite.ca/unisync_inventory/items2.php,"Unisync Inventory","Wed Jul  3 14:32:30 2013"
"PR Coord Training &amp; Quality Assurance",,5,a0f6449c-e40f-11e2-bd1c-123138171cec,986,en,fr,,http://test.swetedemo.weblite.ca/unisync_inventory/items2.php,"Unisync Inventory","Wed Jul  3 14:32:30 2013"
"PR Agent CSP Live Chat",,5,a0f6449c-e40f-11e2-bd1c-123138171cec,987,en,fr,,http://test.swetedemo.weblite.ca/unisync_inventory/items2.php,"Unisync Inventory","Wed Jul  3 14:32:30 2013"
"PR Manager Internal Audit Operations",,5,a0f6449c-e40f-11e2-bd1c-123138171cec,988,en,fr,,http://test.swetedemo.weblite.ca/unisync_inventory/items2.php,"Unisync Inventory","Wed Jul  3 14:32:30 2013"
"PR Multifunctional Support Rep Utility",,5,a0f6449c-e40f-11e2-bd1c-123138171cec,989,en,fr,,http://test.swetedemo.weblite.ca/unisync_inventory/items2.php,"Unisync Inventory","Wed Jul  3 14:32:30 2013"
"PR Administrator Fleet Warranty",,4,a0f6449c-e40f-11e2-bd1c-123138171cec,990,en,fr,,http://test.swetedemo.weblite.ca/unisync_inventory/items2.php,"Unisync Inventory","Wed Jul  3 14:32:30 2013"
"PR Manager Maintenance",,3,a0f6449c-e40f-11e2-bd1c-123138171cec,991,en,fr,,http://test.swetedemo.weblite.ca/unisync_inventory/items2.php,"Unisync Inventory","Wed Jul  3 14:32:30 2013"
"PR Manager Divisional Quality",,4,a0f6449c-e40f-11e2-bd1c-123138171cec,992,en,fr,,http://test.swetedemo.weblite.ca/unisync_inventory/items2.php,"Unisync Inventory","Wed Jul  3 14:32:30 2013"
"PR Manager Hub",,3,a0f6449c-e40f-11e2-bd1c-123138171cec,993,en,fr,,http://test.swetedemo.weblite.ca/unisync_inventory/items2.php,"Unisync Inventory","Wed Jul  3 14:32:30 2013"
"PR Analyst Strategy",,3,a0f6449c-e40f-11e2-bd1c-123138171cec,994,en,fr,,http://test.swetedemo.weblite.ca/unisync_inventory/items2.php,"Unisync Inventory","Wed Jul  3 14:32:30 2013"
"PR Helper Garage and Mechanic",,5,a0f6449c-e40f-11e2-bd1c-123138171cec,995,en,fr,,http://test.swetedemo.weblite.ca/unisync_inventory/items2.php,"Unisync Inventory","Wed Jul  3 14:32:30 2013"
"PR Manager Finance",,3,a0f6449c-e40f-11e2-bd1c-123138171cec,996,en,fr,,http://test.swetedemo.weblite.ca/unisync_inventory/items2.php,"Unisync Inventory","Wed Jul  3 14:32:30 2013"
"PR Analyst Accounting II",,4,a0f6449c-e40f-11e2-bd1c-123138171cec,997,en,fr,,http://test.swetedemo.weblite.ca/unisync_inventory/items2.php,"Unisync Inventory","Wed Jul  3 14:32:30 2013"
"PR Manager Organization Effectiveness",,4,a0f6449c-e40f-11e2-bd1c-123138171cec,998,en,fr,,http://test.swetedemo.weblite.ca/unisync_inventory/items2.php,"Unisync Inventory","Wed Jul  3 14:32:30 2013"
"PR Operator Payment Processing OCR",,5,a0f6449c-e40f-11e2-bd1c-123138171cec,999,en,fr,,http://test.swetedemo.weblite.ca/unisync_inventory/items2.php,"Unisync Inventory","Wed Jul  3 14:32:30 2013"
"PR Manager National Quality",,4,a0f6449c-e40f-11e2-bd1c-123138171cec,1000,en,fr,,http://test.swetedemo.weblite.ca/unisync_inventory/items2.php,"Unisync Inventory","Wed Jul  3 14:32:30 2013"
"PR Representative Inside Sales - Select",,6,a0f6449c-e40f-11e2-bd1c-123138171cec,1001,en,fr,,http://test.swetedemo.weblite.ca/unisync_inventory/items2.php,"Unisync Inventory","Wed Jul  3 14:32:30 2013"
"PR Manager Operations PI",,4,a0f6449c-e40f-11e2-bd1c-123138171cec,1002,en,fr,,http://test.swetedemo.weblite.ca/unisync_inventory/items2.php,"Unisync Inventory","Wed Jul  3 14:32:30 2013"
"PR CO-ORDINATOR L&amp;D SYSTEMS &amp; SUPPORT",,6,a0f6449c-e40f-11e2-bd1c-123138171cec,1003,en,fr,,http://test.swetedemo.weblite.ca/unisync_inventory/items2.php,"Unisync Inventory","Wed Jul  3 14:32:30 2013"
"PR Professional CS Automation/Intranet",,5,a0f6449c-e40f-11e2-bd1c-123138171cec,1004,en,fr,,http://test.swetedemo.weblite.ca/unisync_inventory/items2.php,"Unisync Inventory","Wed Jul  3 14:32:30 2013"
"PR Manager District Air Operations",,5,a0f6449c-e40f-11e2-bd1c-123138171cec,1005,en,fr,,http://test.swetedemo.weblite.ca/unisync_inventory/items2.php,"Unisync Inventory","Wed Jul  3 14:32:30 2013"
"PR Specialist Fleet &amp; GSE Maintenance",,5,a0f6449c-e40f-11e2-bd1c-123138171cec,1006,en,fr,,http://test.swetedemo.weblite.ca/unisync_inventory/items2.php,"Unisync Inventory","Wed Jul  3 14:32:30 2013"
"PR Specialist Procurement Contract",,4,a0f6449c-e40f-11e2-bd1c-123138171cec,1007,en,fr,,http://test.swetedemo.weblite.ca/unisync_inventory/items2.php,"Unisync Inventory","Wed Jul  3 14:32:30 2013"
"PR Mgr. Legal Comp./Asst.Corp. Secretary",,7,a0f6449c-e40f-11e2-bd1c-123138171cec,1008,en,fr,,http://test.swetedemo.weblite.ca/unisync_inventory/items2.php,"Unisync Inventory","Wed Jul  3 14:32:30 2013"
"PR Spec. Channel Srvcs Systems Support",,6,a0f6449c-e40f-11e2-bd1c-123138171cec,1009,en,fr,,http://test.swetedemo.weblite.ca/unisync_inventory/items2.php,"Unisync Inventory","Wed Jul  3 14:32:30 2013"
"PR Mechanic Trailer",,3,a0f6449c-e40f-11e2-bd1c-123138171cec,1010,en,fr,,http://test.swetedemo.weblite.ca/unisync_inventory/items2.php,"Unisync Inventory","Wed Jul  3 14:32:30 2013"
"PR CO-ORDINATOR NTL. RETAIL AGENT",,5,a0f6449c-e40f-11e2-bd1c-123138171cec,1011,en,fr,,http://test.swetedemo.weblite.ca/unisync_inventory/items2.php,"Unisync Inventory","Wed Jul  3 14:32:30 2013"
"PR Attendant Corporate",,3,a0f6449c-e40f-11e2-bd1c-123138171cec,1012,en,fr,,http://test.swetedemo.weblite.ca/unisync_inventory/items2.php,"Unisync Inventory","Wed Jul  3 14:32:30 2013"
"PR SPECIALIST QUALITY SYSTEM III",,5,a0f6449c-e40f-11e2-bd1c-123138171cec,1013,en,fr,,http://test.swetedemo.weblite.ca/unisync_inventory/items2.php,"Unisync Inventory","Wed Jul  3 14:32:30 2013"
"PR LTL Pricing/Costing Analyst",,5,a0f6449c-e40f-11e2-bd1c-123138171cec,1014,en,fr,,http://test.swetedemo.weblite.ca/unisync_inventory/items2.php,"Unisync Inventory","Wed Jul  3 14:32:30 2013"
"PR EDI Partner Integr.&amp; Prod Comp Spec",,7,a0f6449c-e40f-11e2-bd1c-123138171cec,1015,en,fr,,http://test.swetedemo.weblite.ca/unisync_inventory/items2.php,"Unisync Inventory","Wed Jul  3 14:32:30 2013"
"PR SPECIALIST CONTRACT LOAD",,4,a0f6449c-e40f-11e2-bd1c-123138171cec,1016,en,fr,,http://test.swetedemo.weblite.ca/unisync_inventory/items2.php,"Unisync Inventory","Wed Jul  3 14:32:30 2013"
"PR Tradesperson Non-Licenced",,3,a0f6449c-e40f-11e2-bd1c-123138171cec,1017,en,fr,,http://test.swetedemo.weblite.ca/unisync_inventory/items2.php,"Unisync Inventory","Wed Jul  3 14:32:30 2013"
"PR Manager Customer Account Support",,5,a0f6449c-e40f-11e2-bd1c-123138171cec,1018,en,fr,,http://test.swetedemo.weblite.ca/unisync_inventory/items2.php,"Unisync Inventory","Wed Jul  3 14:32:30 2013"
"PR LTL Logistics Co-Ordinator",,4,a0f6449c-e40f-11e2-bd1c-123138171cec,1019,en,fr,,http://test.swetedemo.weblite.ca/unisync_inventory/items2.php,"Unisync Inventory","Wed Jul  3 14:32:30 2013"
"PR DIRECTOR SECURITY &amp; LOSS PREVENTION",,5,a0f6449c-e40f-11e2-bd1c-123138171cec,1020,en,fr,,http://test.swetedemo.weblite.ca/unisync_inventory/items2.php,"Unisync Inventory","Wed Jul  3 14:32:30 2013"
"PR Advisor Inside Sales Solutions",,5,a0f6449c-e40f-11e2-bd1c-123138171cec,1021,en,fr,,http://test.swetedemo.weblite.ca/unisync_inventory/items2.php,"Unisync Inventory","Wed Jul  3 14:32:30 2013"
"PR Supervisor Control Room/Dispatch",,5,a0f6449c-e40f-11e2-bd1c-123138171cec,1022,en,fr,,http://test.swetedemo.weblite.ca/unisync_inventory/items2.php,"Unisync Inventory","Wed Jul  3 14:32:30 2013"
"PR Analyst Accounting III",,4,a0f6449c-e40f-11e2-bd1c-123138171cec,1023,en,fr,,http://test.swetedemo.weblite.ca/unisync_inventory/items2.php,"Unisync Inventory","Wed Jul  3 14:32:30 2013"
"PR Analyst Sales Effectiveness",,4,a0f6449c-e40f-11e2-bd1c-123138171cec,1024,en,fr,,http://test.swetedemo.weblite.ca/unisync_inventory/items2.php,"Unisync Inventory","Wed Jul  3 14:32:30 2013"
"PR Analyst Marketing II",,4,a0f6449c-e40f-11e2-bd1c-123138171cec,1025,en,fr,,http://test.swetedemo.weblite.ca/unisync_inventory/items2.php,"Unisync Inventory","Wed Jul  3 14:32:30 2013"
"PR MGR SECURITY TECHNOLOGY SOLUTIONS",,5,a0f6449c-e40f-11e2-bd1c-123138171cec,1026,en,fr,,http://test.swetedemo.weblite.ca/unisync_inventory/items2.php,"Unisync Inventory","Wed Jul  3 14:32:30 2013"
"PR Analyst Marketing",,3,a0f6449c-e40f-11e2-bd1c-123138171cec,1027,en,fr,,http://test.swetedemo.weblite.ca/unisync_inventory/items2.php,"Unisync Inventory","Wed Jul  3 14:32:30 2013"
"PR Co-ordinator National Accounts",,4,a0f6449c-e40f-11e2-bd1c-123138171cec,1028,en,fr,,http://test.swetedemo.weblite.ca/unisync_inventory/items2.php,"Unisync Inventory","Wed Jul  3 14:32:30 2013"
"PR Manager Marketing",,3,a0f6449c-e40f-11e2-bd1c-123138171cec,1029,en,fr,,http://test.swetedemo.weblite.ca/unisync_inventory/items2.php,"Unisync Inventory","Wed Jul  3 14:32:30 2013"
"PR MANAGER NTL ACCTS SALES SUPPORT",,6,a0f6449c-e40f-11e2-bd1c-123138171cec,1030,en,fr,,http://test.swetedemo.weblite.ca/unisync_inventory/items2.php,"Unisync Inventory","Wed Jul  3 14:32:30 2013"
"PR AUDITOR INTERNAL",,3,a0f6449c-e40f-11e2-bd1c-123138171cec,1031,en,fr,,http://test.swetedemo.weblite.ca/unisync_inventory/items2.php,"Unisync Inventory","Wed Jul  3 14:32:30 2013"
"PR Mgr Network Perf &amp; Control Centre",,6,a0f6449c-e40f-11e2-bd1c-123138171cec,1032,en,fr,,http://test.swetedemo.weblite.ca/unisync_inventory/items2.php,"Unisync Inventory","Wed Jul  3 14:32:30 2013"
"PR MANAGER CENTRAL UNMARKS",,4,a0f6449c-e40f-11e2-bd1c-123138171cec,1033,en,fr,,http://test.swetedemo.weblite.ca/unisync_inventory/items2.php,"Unisync Inventory","Wed Jul  3 14:32:30 2013"
"PR Manager National Health &amp; Safety PGS",,6,a0f6449c-e40f-11e2-bd1c-123138171cec,1034,en,fr,,http://test.swetedemo.weblite.ca/unisync_inventory/items2.php,"Unisync Inventory","Wed Jul  3 14:32:31 2013"
"PR VP ENGINEERING &amp; NETWORK TRANSPORT.",,5,a0f6449c-e40f-11e2-bd1c-123138171cec,1035,en,fr,,http://test.swetedemo.weblite.ca/unisync_inventory/items2.php,"Unisync Inventory","Wed Jul  3 14:32:31 2013"
"PR Director Senior Sales",,4,a0f6449c-e40f-11e2-bd1c-123138171cec,1036,en,fr,,http://test.swetedemo.weblite.ca/unisync_inventory/items2.php,"Unisync Inventory","Wed Jul  3 14:32:31 2013"
"PR Legal Counsel",,3,a0f6449c-e40f-11e2-bd1c-123138171cec,1037,en,fr,,http://test.swetedemo.weblite.ca/unisync_inventory/items2.php,"Unisync Inventory","Wed Jul  3 14:32:31 2013"
"PR Administrator LP CCTV",,4,a0f6449c-e40f-11e2-bd1c-123138171cec,1038,en,fr,,http://test.swetedemo.weblite.ca/unisync_inventory/items2.php,"Unisync Inventory","Wed Jul  3 14:32:31 2013"
"PR Corporate Manager Compensation",,4,a0f6449c-e40f-11e2-bd1c-123138171cec,1039,en,fr,,http://test.swetedemo.weblite.ca/unisync_inventory/items2.php,"Unisync Inventory","Wed Jul  3 14:32:31 2013"
"PR MANAGER AVIATION RELATIONSHIP",,4,a0f6449c-e40f-11e2-bd1c-123138171cec,1040,en,fr,,http://test.swetedemo.weblite.ca/unisync_inventory/items2.php,"Unisync Inventory","Wed Jul  3 14:32:31 2013"
"PR Manager Retail Operations",,4,a0f6449c-e40f-11e2-bd1c-123138171cec,1041,en,fr,,http://test.swetedemo.weblite.ca/unisync_inventory/items2.php,"Unisync Inventory","Wed Jul  3 14:32:31 2013"
"PR Manager Freight Regional Operations",,5,a0f6449c-e40f-11e2-bd1c-123138171cec,1042,en,fr,,http://test.swetedemo.weblite.ca/unisync_inventory/items2.php,"Unisync Inventory","Wed Jul  3 14:32:31 2013"
"PR Dir Engineering &amp; Business Solutions",,5,a0f6449c-e40f-11e2-bd1c-123138171cec,1043,en,fr,,http://test.swetedemo.weblite.ca/unisync_inventory/items2.php,"Unisync Inventory","Wed Jul  3 14:32:31 2013"
"PR TL BILLING CONTROL COMPLIANCE",,5,a0f6449c-e40f-11e2-bd1c-123138171cec,1044,en,fr,,http://test.swetedemo.weblite.ca/unisync_inventory/items2.php,"Unisync Inventory","Wed Jul  3 14:32:31 2013"
"PR Dir Ground Transportation Network",,5,a0f6449c-e40f-11e2-bd1c-123138171cec,1045,en,fr,,http://test.swetedemo.weblite.ca/unisync_inventory/items2.php,"Unisync Inventory","Wed Jul  3 14:32:31 2013"
"PR Corporate Manager Pension &amp; Benefits",,5,a0f6449c-e40f-11e2-bd1c-123138171cec,1046,en,fr,,http://test.swetedemo.weblite.ca/unisync_inventory/items2.php,"Unisync Inventory","Wed Jul  3 14:32:31 2013"
"PR V.P. FIELD OPERATIONS",,5,a0f6449c-e40f-11e2-bd1c-123138171cec,1047,en,fr,,http://test.swetedemo.weblite.ca/unisync_inventory/items2.php,"Unisync Inventory","Wed Jul  3 14:32:31 2013"
"PR Manager Corporate Planning",,4,a0f6449c-e40f-11e2-bd1c-123138171cec,1048,en,fr,,http://test.swetedemo.weblite.ca/unisync_inventory/items2.php,"Unisync Inventory","Wed Jul  3 14:32:31 2013"
"PR MANAGER OPERATIONS EFFECTIVENESS",,4,a0f6449c-e40f-11e2-bd1c-123138171cec,1049,en,fr,,http://test.swetedemo.weblite.ca/unisync_inventory/items2.php,"Unisync Inventory","Wed Jul  3 14:32:31 2013"
"PR Director Real Estate",,4,a0f6449c-e40f-11e2-bd1c-123138171cec,1050,en,fr,,http://test.swetedemo.weblite.ca/unisync_inventory/items2.php,"Unisync Inventory","Wed Jul  3 14:32:31 2013"
"PR Manager Costing &amp; SAP",,4,a0f6449c-e40f-11e2-bd1c-123138171cec,1051,en,fr,,http://test.swetedemo.weblite.ca/unisync_inventory/items2.php,"Unisync Inventory","Wed Jul  3 14:32:31 2013"
"PR Planner Aircraft Loads",,4,a0f6449c-e40f-11e2-bd1c-123138171cec,1052,en,fr,,http://test.swetedemo.weblite.ca/unisync_inventory/items2.php,"Unisync Inventory","Wed Jul  3 14:32:31 2013"
"PR SVP, CHIEF HUMAN RESOURCES OFFICER",,6,a0f6449c-e40f-11e2-bd1c-123138171cec,1053,en,fr,,http://test.swetedemo.weblite.ca/unisync_inventory/items2.php,"Unisync Inventory","Wed Jul  3 14:32:31 2013"
"PR Mgr Ntl Accounts - Core/Mix Growth",,8,a0f6449c-e40f-11e2-bd1c-123138171cec,1054,en,fr,,http://test.swetedemo.weblite.ca/unisync_inventory/items2.php,"Unisync Inventory","Wed Jul  3 14:32:31 2013"
"PR Specialist Parts Fleet",,4,a0f6449c-e40f-11e2-bd1c-123138171cec,1055,en,fr,,http://test.swetedemo.weblite.ca/unisync_inventory/items2.php,"Unisync Inventory","Wed Jul  3 14:32:31 2013"
"PR Specialist Priority Claims",,4,a0f6449c-e40f-11e2-bd1c-123138171cec,1056,en,fr,,http://test.swetedemo.weblite.ca/unisync_inventory/items2.php,"Unisync Inventory","Wed Jul  3 14:32:31 2013"
"PR Manager VEM Imaging Centre",,5,a0f6449c-e40f-11e2-bd1c-123138171cec,1057,en,fr,,http://test.swetedemo.weblite.ca/unisync_inventory/items2.php,"Unisync Inventory","Wed Jul  3 14:32:31 2013"
"PR Manager National Network Engineering",,5,a0f6449c-e40f-11e2-bd1c-123138171cec,1058,en,fr,,http://test.swetedemo.weblite.ca/unisync_inventory/items2.php,"Unisync Inventory","Wed Jul  3 14:32:31 2013"
"PR LTL Overage,Shortage &amp; Damage Co-Ord.",,6,a0f6449c-e40f-11e2-bd1c-123138171cec,1059,en,fr,,http://test.swetedemo.weblite.ca/unisync_inventory/items2.php,"Unisync Inventory","Wed Jul  3 14:32:31 2013"
"PR Consultant Org Effectiveness II",,5,a0f6449c-e40f-11e2-bd1c-123138171cec,1060,en,fr,,http://test.swetedemo.weblite.ca/unisync_inventory/items2.php,"Unisync Inventory","Wed Jul  3 14:32:31 2013"
"PR MANAGER NATIONAL OPS EFFECTIVENESS",,5,a0f6449c-e40f-11e2-bd1c-123138171cec,1061,en,fr,,http://test.swetedemo.weblite.ca/unisync_inventory/items2.php,"Unisync Inventory","Wed Jul  3 14:32:31 2013"
"PR Supervisor Dock/Ops",,4,a0f6449c-e40f-11e2-bd1c-123138171cec,1062,en,fr,,http://test.swetedemo.weblite.ca/unisync_inventory/items2.php,"Unisync Inventory","Wed Jul  3 14:32:31 2013"
"PR Consultant Org Effectivness",,4,a0f6449c-e40f-11e2-bd1c-123138171cec,1063,en,fr,,http://test.swetedemo.weblite.ca/unisync_inventory/items2.php,"Unisync Inventory","Wed Jul  3 14:32:31 2013"
"PR Manager PI Business Development",,5,a0f6449c-e40f-11e2-bd1c-123138171cec,1064,en,fr,,http://test.swetedemo.weblite.ca/unisync_inventory/items2.php,"Unisync Inventory","Wed Jul  3 14:32:31 2013"
"PR VP Legal Services &amp; General Counsel",,6,a0f6449c-e40f-11e2-bd1c-123138171cec,1065,en,fr,,http://test.swetedemo.weblite.ca/unisync_inventory/items2.php,"Unisync Inventory","Wed Jul  3 14:32:31 2013"
"PR Manager Control Room I",,5,a0f6449c-e40f-11e2-bd1c-123138171cec,1066,en,fr,,http://test.swetedemo.weblite.ca/unisync_inventory/items2.php,"Unisync Inventory","Wed Jul  3 14:32:31 2013"
"PR MANAGER CONTRACTS",,3,a0f6449c-e40f-11e2-bd1c-123138171cec,1067,en,fr,,http://test.swetedemo.weblite.ca/unisync_inventory/items2.php,"Unisync Inventory","Wed Jul  3 14:32:31 2013"
"PR Manager Business Support Centre",,5,a0f6449c-e40f-11e2-bd1c-123138171cec,1068,en,fr,,http://test.swetedemo.weblite.ca/unisync_inventory/items2.php,"Unisync Inventory","Wed Jul  3 14:32:31 2013"
"PR SPEC INSIDE SALES TRAINING &amp; QUALITY",,6,a0f6449c-e40f-11e2-bd1c-123138171cec,1069,en,fr,,http://test.swetedemo.weblite.ca/unisync_inventory/items2.php,"Unisync Inventory","Wed Jul  3 14:32:31 2013"
"PR Representative AR Customer Accounts",,5,a0f6449c-e40f-11e2-bd1c-123138171cec,1070,en,fr,,http://test.swetedemo.weblite.ca/unisync_inventory/items2.php,"Unisync Inventory","Wed Jul  3 14:32:31 2013"
"PR Director Corp. Comm. and Corp. Resp.",,7,a0f6449c-e40f-11e2-bd1c-123138171cec,1071,en,fr,,http://test.swetedemo.weblite.ca/unisync_inventory/items2.php,"Unisync Inventory","Wed Jul  3 14:32:31 2013"
"PR Specialist Facilities",,3,a0f6449c-e40f-11e2-bd1c-123138171cec,1072,en,fr,,http://test.swetedemo.weblite.ca/unisync_inventory/items2.php,"Unisync Inventory","Wed Jul  3 14:32:31 2013"
"PR Supervisor Retail Store",,4,a0f6449c-e40f-11e2-bd1c-123138171cec,1073,en,fr,,http://test.swetedemo.weblite.ca/unisync_inventory/items2.php,"Unisync Inventory","Wed Jul  3 14:32:31 2013"
"PR Manager Regulatory Affairs Air Policy",,6,a0f6449c-e40f-11e2-bd1c-123138171cec,1074,en,fr,,http://test.swetedemo.weblite.ca/unisync_inventory/items2.php,"Unisync Inventory","Wed Jul  3 14:32:31 2013"
"PR GM NATIONAL ACCOUNTS",,4,a0f6449c-e40f-11e2-bd1c-123138171cec,1075,en,fr,,http://test.swetedemo.weblite.ca/unisync_inventory/items2.php,"Unisync Inventory","Wed Jul  3 14:32:31 2013"
"PR Manager Collections &amp; Video Coding",,5,a0f6449c-e40f-11e2-bd1c-123138171cec,1076,en,fr,,http://test.swetedemo.weblite.ca/unisync_inventory/items2.php,"Unisync Inventory","Wed Jul  3 14:32:31 2013"
"PR Corporate Manager HR Projects",,5,a0f6449c-e40f-11e2-bd1c-123138171cec,1077,en,fr,,http://test.swetedemo.weblite.ca/unisync_inventory/items2.php,"Unisync Inventory","Wed Jul  3 14:32:31 2013"
"PR Operator Computer Field",,4,a0f6449c-e40f-11e2-bd1c-123138171cec,1078,en,fr,,http://test.swetedemo.weblite.ca/unisync_inventory/items2.php,"Unisync Inventory","Wed Jul  3 14:32:31 2013"
"PR Owner Operator",,3,a0f6449c-e40f-11e2-bd1c-123138171cec,1079,en,fr,,http://test.swetedemo.weblite.ca/unisync_inventory/items2.php,"Unisync Inventory","Wed Jul  3 14:32:31 2013"
"PR Manager Retail Marketing",,4,a0f6449c-e40f-11e2-bd1c-123138171cec,1080,en,fr,,http://test.swetedemo.weblite.ca/unisync_inventory/items2.php,"Unisync Inventory","Wed Jul  3 14:32:31 2013"
"PR System Support Analyst PCL Freight",,6,a0f6449c-e40f-11e2-bd1c-123138171cec,1081,en,fr,,http://test.swetedemo.weblite.ca/unisync_inventory/items2.php,"Unisync Inventory","Wed Jul  3 14:32:31 2013"
"PR Director Compliance &amp; Reg Affairs",,5,a0f6449c-e40f-11e2-bd1c-123138171cec,1082,en,fr,,http://test.swetedemo.weblite.ca/unisync_inventory/items2.php,"Unisync Inventory","Wed Jul  3 14:32:31 2013"
"PR Manager Customer Automation Help Desk",,6,a0f6449c-e40f-11e2-bd1c-123138171cec,1083,en,fr,,http://test.swetedemo.weblite.ca/unisync_inventory/items2.php,"Unisync Inventory","Wed Jul  3 14:32:31 2013"
"PR Director Organization Effectiveness",,4,a0f6449c-e40f-11e2-bd1c-123138171cec,1084,en,fr,,http://test.swetedemo.weblite.ca/unisync_inventory/items2.php,"Unisync Inventory","Wed Jul  3 14:32:31 2013"
"PR SPEC. BILLING CONTROL COMPLIANCE",,5,a0f6449c-e40f-11e2-bd1c-123138171cec,1085,en,fr,,http://test.swetedemo.weblite.ca/unisync_inventory/items2.php,"Unisync Inventory","Wed Jul  3 14:32:31 2013"
"PR DIR MAN BILLING, AR &amp; CONTRACT ADMIN",,7,a0f6449c-e40f-11e2-bd1c-123138171cec,1086,en,fr,,http://test.swetedemo.weblite.ca/unisync_inventory/items2.php,"Unisync Inventory","Wed Jul  3 14:32:31 2013"
"PR Support Rep Field Accounts Payable",,6,a0f6449c-e40f-11e2-bd1c-123138171cec,1087,en,fr,,http://test.swetedemo.weblite.ca/unisync_inventory/items2.php,"Unisync Inventory","Wed Jul  3 14:32:31 2013"
"PR MANAGER, NATIONAL RETAIL",,4,a0f6449c-e40f-11e2-bd1c-123138171cec,1088,en,fr,,http://test.swetedemo.weblite.ca/unisync_inventory/items2.php,"Unisync Inventory","Wed Jul  3 14:32:31 2013"
"PR Co-ord Security &amp; Reg Affairs Data",,6,a0f6449c-e40f-11e2-bd1c-123138171cec,1089,en,fr,,http://test.swetedemo.weblite.ca/unisync_inventory/items2.php,"Unisync Inventory","Wed Jul  3 14:32:31 2013"
"PR Specialist Extended Data Completion",,5,a0f6449c-e40f-11e2-bd1c-123138171cec,1090,en,fr,,http://test.swetedemo.weblite.ca/unisync_inventory/items2.php,"Unisync Inventory","Wed Jul  3 14:32:31 2013"
"PR Manager Operations Support CC",,5,a0f6449c-e40f-11e2-bd1c-123138171cec,1091,en,fr,,http://test.swetedemo.weblite.ca/unisync_inventory/items2.php,"Unisync Inventory","Wed Jul  3 14:32:31 2013"
"PR Ntl Acct Executive - Yield Growth",,7,a0f6449c-e40f-11e2-bd1c-123138171cec,1092,en,fr,,http://test.swetedemo.weblite.ca/unisync_inventory/items2.php,"Unisync Inventory","Wed Jul  3 14:32:31 2013"
"PR Representative Pension &amp; Benefits",,4,a0f6449c-e40f-11e2-bd1c-123138171cec,1093,en,fr,,http://test.swetedemo.weblite.ca/unisync_inventory/items2.php,"Unisync Inventory","Wed Jul  3 14:32:31 2013"
"PR BUS. ANALYST BILLING CONTROL",,5,a0f6449c-e40f-11e2-bd1c-123138171cec,1094,en,fr,,http://test.swetedemo.weblite.ca/unisync_inventory/items2.php,"Unisync Inventory","Wed Jul  3 14:32:31 2013"
"PR Administrator Routing Database",,4,a0f6449c-e40f-11e2-bd1c-123138171cec,1095,en,fr,,http://test.swetedemo.weblite.ca/unisync_inventory/items2.php,"Unisync Inventory","Wed Jul  3 14:32:32 2013"
"PR SVP &amp; CHIEF OPERATIONS OFFICER",,5,a0f6449c-e40f-11e2-bd1c-123138171cec,1096,en,fr,,http://test.swetedemo.weblite.ca/unisync_inventory/items2.php,"Unisync Inventory","Wed Jul  3 14:32:32 2013"
"PR MGR CUSTOMER CARE OPS &amp; TELEPHONY",,6,a0f6449c-e40f-11e2-bd1c-123138171cec,1097,en,fr,,http://test.swetedemo.weblite.ca/unisync_inventory/items2.php,"Unisync Inventory","Wed Jul  3 14:32:32 2013"
"PR Co-ordinator AR Project Support",,5,a0f6449c-e40f-11e2-bd1c-123138171cec,1098,en,fr,,http://test.swetedemo.weblite.ca/unisync_inventory/items2.php,"Unisync Inventory","Wed Jul  3 14:32:32 2013"
"PR Director SMB &amp; Customer Insights",,5,a0f6449c-e40f-11e2-bd1c-123138171cec,1099,en,fr,,http://test.swetedemo.weblite.ca/unisync_inventory/items2.php,"Unisync Inventory","Wed Jul  3 14:32:32 2013"
"PR DIRECTOR CONTACT CENTRES",,4,a0f6449c-e40f-11e2-bd1c-123138171cec,1100,en,fr,,http://test.swetedemo.weblite.ca/unisync_inventory/items2.php,"Unisync Inventory","Wed Jul  3 14:32:32 2013"
"PR Specialist Priority Trace",,4,a0f6449c-e40f-11e2-bd1c-123138171cec,1101,en,fr,,http://test.swetedemo.weblite.ca/unisync_inventory/items2.php,"Unisync Inventory","Wed Jul  3 14:32:32 2013"
"PR SVP Chief Commercial Officer",,5,a0f6449c-e40f-11e2-bd1c-123138171cec,1102,en,fr,,http://test.swetedemo.weblite.ca/unisync_inventory/items2.php,"Unisync Inventory","Wed Jul  3 14:32:32 2013"
"PR Manager Payment Processing",,4,a0f6449c-e40f-11e2-bd1c-123138171cec,1103,en,fr,,http://test.swetedemo.weblite.ca/unisync_inventory/items2.php,"Unisync Inventory","Wed Jul  3 14:32:32 2013"
"PR Support Rep Admin Air Ops",,6,a0f6449c-e40f-11e2-bd1c-123138171cec,1104,en,fr,,http://test.swetedemo.weblite.ca/unisync_inventory/items2.php,"Unisync Inventory","Wed Jul  3 14:32:32 2013"
"PR Analyst Fin. I - Owner Oper. Auditor",,8,a0f6449c-e40f-11e2-bd1c-123138171cec,1105,en,fr,,http://test.swetedemo.weblite.ca/unisync_inventory/items2.php,"Unisync Inventory","Wed Jul  3 14:32:32 2013"
"PR Specialist &amp; TL Technology Systems",,5,a0f6449c-e40f-11e2-bd1c-123138171cec,1106,en,fr,,http://test.swetedemo.weblite.ca/unisync_inventory/items2.php,"Unisync Inventory","Wed Jul  3 14:32:32 2013"
"PR Specialist Field Service Engineering",,5,a0f6449c-e40f-11e2-bd1c-123138171cec,1107,en,fr,,http://test.swetedemo.weblite.ca/unisync_inventory/items2.php,"Unisync Inventory","Wed Jul  3 14:32:32 2013"
"PR Manager Nat'l Environmental Affairs",,5,a0f6449c-e40f-11e2-bd1c-123138171cec,1108,en,fr,,http://test.swetedemo.weblite.ca/unisync_inventory/items2.php,"Unisync Inventory","Wed Jul  3 14:32:32 2013"
"PR Manager Sales Technology",,4,a0f6449c-e40f-11e2-bd1c-123138171cec,1109,en,fr,,http://test.swetedemo.weblite.ca/unisync_inventory/items2.php,"Unisync Inventory","Wed Jul  3 14:32:32 2013"
"PR Revenue Recovery Specialist",,4,a0f6449c-e40f-11e2-bd1c-123138171cec,1110,en,fr,,http://test.swetedemo.weblite.ca/unisync_inventory/items2.php,"Unisync Inventory","Wed Jul  3 14:32:32 2013"
"PR Manager Project I",,4,a0f6449c-e40f-11e2-bd1c-123138171cec,1111,en,fr,,http://test.swetedemo.weblite.ca/unisync_inventory/items2.php,"Unisync Inventory","Wed Jul  3 14:32:32 2013"
"PR Analyst I Accounting",,4,a0f6449c-e40f-11e2-bd1c-123138171cec,1112,en,fr,,http://test.swetedemo.weblite.ca/unisync_inventory/items2.php,"Unisync Inventory","Wed Jul  3 14:32:32 2013"
"PR MANAGER NATL TRANSP ASSET UTILIZATION",,6,a0f6449c-e40f-11e2-bd1c-123138171cec,1113,en,fr,,http://test.swetedemo.weblite.ca/unisync_inventory/items2.php,"Unisync Inventory","Wed Jul  3 14:32:32 2013"
"PR Dir Legal-Labour, Empl. &amp; Litigation",,5,a0f6449c-e40f-11e2-bd1c-123138171cec,1114,en,fr,,http://test.swetedemo.weblite.ca/unisync_inventory/items2.php,"Unisync Inventory","Wed Jul  3 14:32:32 2013"
"PR MANAGER INTEGRATED PARTNER SERVICES",,5,a0f6449c-e40f-11e2-bd1c-123138171cec,1115,en,fr,,http://test.swetedemo.weblite.ca/unisync_inventory/items2.php,"Unisync Inventory","Wed Jul  3 14:32:32 2013"
"PR LTL Linehaul Co-ordinator",,4,a0f6449c-e40f-11e2-bd1c-123138171cec,1116,en,fr,,http://test.swetedemo.weblite.ca/unisync_inventory/items2.php,"Unisync Inventory","Wed Jul  3 14:32:32 2013"
"PR REP INSIDE SALES ACQUISITION INBOUND",,6,a0f6449c-e40f-11e2-bd1c-123138171cec,1117,en,fr,,http://test.swetedemo.weblite.ca/unisync_inventory/items2.php,"Unisync Inventory","Wed Jul  3 14:32:32 2013"
"PR MGR. L&amp;D, DESIGN &amp; DEVELOPMENT",,6,a0f6449c-e40f-11e2-bd1c-123138171cec,1118,en,fr,,http://test.swetedemo.weblite.ca/unisync_inventory/items2.php,"Unisync Inventory","Wed Jul  3 14:32:32 2013"
"PR MANAGER PRODUCT SERVICE DESK",,5,a0f6449c-e40f-11e2-bd1c-123138171cec,1119,en,fr,,http://test.swetedemo.weblite.ca/unisync_inventory/items2.php,"Unisync Inventory","Wed Jul  3 14:32:32 2013"
"PR Specialist Service Directory",,4,a0f6449c-e40f-11e2-bd1c-123138171cec,1120,en,fr,,http://test.swetedemo.weblite.ca/unisync_inventory/items2.php,"Unisync Inventory","Wed Jul  3 14:32:32 2013"
"PR Director Quality",,3,a0f6449c-e40f-11e2-bd1c-123138171cec,1121,en,fr,,http://test.swetedemo.weblite.ca/unisync_inventory/items2.php,"Unisync Inventory","Wed Jul  3 14:32:32 2013"
"PR ANALYST RESEARCH CUSTOMER SERVICE",,5,a0f6449c-e40f-11e2-bd1c-123138171cec,1122,en,fr,,http://test.swetedemo.weblite.ca/unisync_inventory/items2.php,"Unisync Inventory","Wed Jul  3 14:32:32 2013"
"PR Manager IT Services",,4,a0f6449c-e40f-11e2-bd1c-123138171cec,1123,en,fr,,http://test.swetedemo.weblite.ca/unisync_inventory/items2.php,"Unisync Inventory","Wed Jul  3 14:32:32 2013"
"PR MANAGER DISTRICT SERVICE QUALITY",,5,a0f6449c-e40f-11e2-bd1c-123138171cec,1124,en,fr,,http://test.swetedemo.weblite.ca/unisync_inventory/items2.php,"Unisync Inventory","Wed Jul  3 14:32:32 2013"
"PR Co-ordinator Marketing",,3,a0f6449c-e40f-11e2-bd1c-123138171cec,1125,en,fr,,http://test.swetedemo.weblite.ca/unisync_inventory/items2.php,"Unisync Inventory","Wed Jul  3 14:32:32 2013"
"PR Manager Purolator Sameday Services",,5,a0f6449c-e40f-11e2-bd1c-123138171cec,1126,en,fr,,http://test.swetedemo.weblite.ca/unisync_inventory/items2.php,"Unisync Inventory","Wed Jul  3 14:32:32 2013"
"PR SPECIALIST RETAIL OPERATIONS",,4,a0f6449c-e40f-11e2-bd1c-123138171cec,1127,en,fr,,http://test.swetedemo.weblite.ca/unisync_inventory/items2.php,"Unisync Inventory","Wed Jul  3 14:32:32 2013"
"PR MANAGER CUSTOMER CARE ONBOARDING",,5,a0f6449c-e40f-11e2-bd1c-123138171cec,1128,en,fr,,http://test.swetedemo.weblite.ca/unisync_inventory/items2.php,"Unisync Inventory","Wed Jul  3 14:32:32 2013"
"PR DIRECTOR BILLING CONTROLS",,4,a0f6449c-e40f-11e2-bd1c-123138171cec,1129,en,fr,,http://test.swetedemo.weblite.ca/unisync_inventory/items2.php,"Unisync Inventory","Wed Jul  3 14:32:32 2013"
"PR International Operations Specialist",,4,a0f6449c-e40f-11e2-bd1c-123138171cec,1130,en,fr,,http://test.swetedemo.weblite.ca/unisync_inventory/items2.php,"Unisync Inventory","Wed Jul  3 14:32:32 2013"
"PR International Services Analyst",,4,a0f6449c-e40f-11e2-bd1c-123138171cec,1131,en,fr,,http://test.swetedemo.weblite.ca/unisync_inventory/items2.php,"Unisync Inventory","Wed Jul  3 14:32:32 2013"
"PR Administrator Quality &amp; Engineering",,4,a0f6449c-e40f-11e2-bd1c-123138171cec,1132,en,fr,,http://test.swetedemo.weblite.ca/unisync_inventory/items2.php,"Unisync Inventory","Wed Jul  3 14:32:32 2013"
"PR Manager Sales Operations",,4,a0f6449c-e40f-11e2-bd1c-123138171cec,1133,en,fr,,http://test.swetedemo.weblite.ca/unisync_inventory/items2.php,"Unisync Inventory","Wed Jul  3 14:32:32 2013"
"PR Manager Payroll &amp; Compliance",,4,a0f6449c-e40f-11e2-bd1c-123138171cec,1134,en,fr,,http://test.swetedemo.weblite.ca/unisync_inventory/items2.php,"Unisync Inventory","Wed Jul  3 14:32:32 2013"
"PR Analyst Customer Care Scheduling",,5,a0f6449c-e40f-11e2-bd1c-123138171cec,1135,en,fr,,http://test.swetedemo.weblite.ca/unisync_inventory/items2.php,"Unisync Inventory","Wed Jul  3 14:32:32 2013"
"PR President &amp; CEO",,3,a0f6449c-e40f-11e2-bd1c-123138171cec,1136,en,fr,,http://test.swetedemo.weblite.ca/unisync_inventory/items2.php,"Unisync Inventory","Wed Jul  3 14:32:32 2013"
"PR Support Rep Distribution &amp; Inventory",,5,a0f6449c-e40f-11e2-bd1c-123138171cec,1137,en,fr,,http://test.swetedemo.weblite.ca/unisync_inventory/items2.php,"Unisync Inventory","Wed Jul  3 14:32:32 2013"
"PR LTL Business Analyst - I",,6,a0f6449c-e40f-11e2-bd1c-123138171cec,1138,en,fr,,http://test.swetedemo.weblite.ca/unisync_inventory/items2.php,"Unisync Inventory","Wed Jul  3 14:32:32 2013"
"PR Co-ordinator Ramp",,3,a0f6449c-e40f-11e2-bd1c-123138171cec,1139,en,fr,,http://test.swetedemo.weblite.ca/unisync_inventory/items2.php,"Unisync Inventory","Wed Jul  3 14:32:32 2013"
"PR Mgr Ntl Accts - Opportunity Growth",,7,a0f6449c-e40f-11e2-bd1c-123138171cec,1140,en,fr,,http://test.swetedemo.weblite.ca/unisync_inventory/items2.php,"Unisync Inventory","Wed Jul  3 14:32:32 2013"
"PR Co-ordinator Scanner Support",,4,a0f6449c-e40f-11e2-bd1c-123138171cec,1141,en,fr,,http://test.swetedemo.weblite.ca/unisync_inventory/items2.php,"Unisync Inventory","Wed Jul  3 14:32:32 2013"
"PR Coordinator Montreal Bldg Maintenance",,5,a0f6449c-e40f-11e2-bd1c-123138171cec,1142,en,fr,,http://test.swetedemo.weblite.ca/unisync_inventory/items2.php,"Unisync Inventory","Wed Jul  3 14:32:32 2013"
"PR VP &amp; CHIEF INFORMATION OFFICER",,5,a0f6449c-e40f-11e2-bd1c-123138171cec,1143,en,fr,,http://test.swetedemo.weblite.ca/unisync_inventory/items2.php,"Unisync Inventory","Wed Jul  3 14:32:32 2013"
"PR DIRECTOR REVENUE MANAGEMENT",,4,a0f6449c-e40f-11e2-bd1c-123138171cec,1144,en,fr,,http://test.swetedemo.weblite.ca/unisync_inventory/items2.php,"Unisync Inventory","Wed Jul  3 14:32:32 2013"
"PR Manager Control Room II",,5,a0f6449c-e40f-11e2-bd1c-123138171cec,1145,en,fr,,http://test.swetedemo.weblite.ca/unisync_inventory/items2.php,"Unisync Inventory","Wed Jul  3 14:32:32 2013"
"PR Manager Business Solutions",,4,a0f6449c-e40f-11e2-bd1c-123138171cec,1146,en,fr,,http://test.swetedemo.weblite.ca/unisync_inventory/items2.php,"Unisync Inventory","Wed Jul  3 14:32:32 2013"
"PR Dir Shipping Solutions &amp; Field Srvcs",,6,a0f6449c-e40f-11e2-bd1c-123138171cec,1147,en,fr,,http://test.swetedemo.weblite.ca/unisync_inventory/items2.php,"Unisync Inventory","Wed Jul  3 14:32:32 2013"
"PR VP Marketing",,3,a0f6449c-e40f-11e2-bd1c-123138171cec,1148,en,fr,,http://test.swetedemo.weblite.ca/unisync_inventory/items2.php,"Unisync Inventory","Wed Jul  3 14:32:32 2013"
"PR VP CORPORATE PLANNING",,4,a0f6449c-e40f-11e2-bd1c-123138171cec,1149,en,fr,,http://test.swetedemo.weblite.ca/unisync_inventory/items2.php,"Unisync Inventory","Wed Jul  3 14:32:32 2013"
"PR REP FREIGHT CLIENT RELATIONSHIP",,5,a0f6449c-e40f-11e2-bd1c-123138171cec,1150,en,fr,,http://test.swetedemo.weblite.ca/unisync_inventory/items2.php,"Unisync Inventory","Wed Jul  3 14:32:32 2013"
"PR Mgr Carrier Compl &amp; Freight Linehaul",,6,a0f6449c-e40f-11e2-bd1c-123138171cec,1151,en,fr,,http://test.swetedemo.weblite.ca/unisync_inventory/items2.php,"Unisync Inventory","Wed Jul  3 14:32:32 2013"
"PR Coordinator Garage Stockroom",,4,a0f6449c-e40f-11e2-bd1c-123138171cec,1152,en,fr,,http://test.swetedemo.weblite.ca/unisync_inventory/items2.php,"Unisync Inventory","Wed Jul  3 14:32:32 2013"
"PR Mgr Associations Business Development",,5,a0f6449c-e40f-11e2-bd1c-123138171cec,1153,en,fr,,http://test.swetedemo.weblite.ca/unisync_inventory/items2.php,"Unisync Inventory","Wed Jul  3 14:32:32 2013"
"PR Manager Sales Automation",,4,a0f6449c-e40f-11e2-bd1c-123138171cec,1154,en,fr,,http://test.swetedemo.weblite.ca/unisync_inventory/items2.php,"Unisync Inventory","Wed Jul  3 14:32:32 2013"
"PR MGR DISTRICT PUROLATOR INTL.",,5,a0f6449c-e40f-11e2-bd1c-123138171cec,1155,en,fr,,http://test.swetedemo.weblite.ca/unisync_inventory/items2.php,"Unisync Inventory","Wed Jul  3 14:32:32 2013"
"PR Director Purolator Freight Operations",,5,a0f6449c-e40f-11e2-bd1c-123138171cec,1156,en,fr,,http://test.swetedemo.weblite.ca/unisync_inventory/items2.php,"Unisync Inventory","Wed Jul  3 14:32:32 2013"
"PR Manager Accounting",,3,a0f6449c-e40f-11e2-bd1c-123138171cec,1157,en,fr,,http://test.swetedemo.weblite.ca/unisync_inventory/items2.php,"Unisync Inventory","Wed Jul  3 14:32:33 2013"
"PR Analyst Procurement",,3,a0f6449c-e40f-11e2-bd1c-123138171cec,1158,en,fr,,http://test.swetedemo.weblite.ca/unisync_inventory/items2.php,"Unisync Inventory","Wed Jul  3 14:32:33 2013"
"PR Courier Utility Foot",,4,a0f6449c-e40f-11e2-bd1c-123138171cec,1159,en,fr,,http://test.swetedemo.weblite.ca/unisync_inventory/items2.php,"Unisync Inventory","Wed Jul  3 14:32:33 2013"
"PR Mgr. Inside Sales Supp, SOHO &amp; Sltns",,7,a0f6449c-e40f-11e2-bd1c-123138171cec,1160,en,fr,,http://test.swetedemo.weblite.ca/unisync_inventory/items2.php,"Unisync Inventory","Wed Jul  3 14:32:33 2013"
"PR MANAGER NATIONAL MAINTENANCE",,4,a0f6449c-e40f-11e2-bd1c-123138171cec,1161,en,fr,,http://test.swetedemo.weblite.ca/unisync_inventory/items2.php,"Unisync Inventory","Wed Jul  3 14:32:33 2013"
"PR Manager Marketing Strategy",,4,a0f6449c-e40f-11e2-bd1c-123138171cec,1162,en,fr,,http://test.swetedemo.weblite.ca/unisync_inventory/items2.php,"Unisync Inventory","Wed Jul  3 14:32:33 2013"
"PR Manager Procurement",,3,a0f6449c-e40f-11e2-bd1c-123138171cec,1163,en,fr,,http://test.swetedemo.weblite.ca/unisync_inventory/items2.php,"Unisync Inventory","Wed Jul  3 14:32:33 2013"
"PR Business Solutions Project Manager",,5,a0f6449c-e40f-11e2-bd1c-123138171cec,1164,en,fr,,http://test.swetedemo.weblite.ca/unisync_inventory/items2.php,"Unisync Inventory","Wed Jul  3 14:32:33 2013"
"PR Manager Project II",,4,a0f6449c-e40f-11e2-bd1c-123138171cec,1165,en,fr,,http://test.swetedemo.weblite.ca/unisync_inventory/items2.php,"Unisync Inventory","Wed Jul  3 14:32:33 2013"
"PR Director Hubs",,3,a0f6449c-e40f-11e2-bd1c-123138171cec,1166,en,fr,,http://test.swetedemo.weblite.ca/unisync_inventory/items2.php,"Unisync Inventory","Wed Jul  3 14:32:33 2013"
"PR MANAGER CONTRACT LOADS",,4,a0f6449c-e40f-11e2-bd1c-123138171cec,1167,en,fr,,http://test.swetedemo.weblite.ca/unisync_inventory/items2.php,"Unisync Inventory","Wed Jul  3 14:32:33 2013"
"PR Manager Customer Care",,4,a0f6449c-e40f-11e2-bd1c-123138171cec,1168,en,fr,,http://test.swetedemo.weblite.ca/unisync_inventory/items2.php,"Unisync Inventory","Wed Jul  3 14:32:33 2013"
"PR Director Internal Audit",,4,a0f6449c-e40f-11e2-bd1c-123138171cec,1169,en,fr,,http://test.swetedemo.weblite.ca/unisync_inventory/items2.php,"Unisync Inventory","Wed Jul  3 14:32:33 2013"
"PR Agent Video Coding",,4,a0f6449c-e40f-11e2-bd1c-123138171cec,1170,en,fr,,http://test.swetedemo.weblite.ca/unisync_inventory/items2.php,"Unisync Inventory","Wed Jul  3 14:32:33 2013"
"PR Mgr PF Customer Quality/Inside Sales",,7,a0f6449c-e40f-11e2-bd1c-123138171cec,1171,en,fr,,http://test.swetedemo.weblite.ca/unisync_inventory/items2.php,"Unisync Inventory","Wed Jul  3 14:32:33 2013"
"PR Nurse Occupational Health",,4,a0f6449c-e40f-11e2-bd1c-123138171cec,1172,en,fr,,http://test.swetedemo.weblite.ca/unisync_inventory/items2.php,"Unisync Inventory","Wed Jul  3 14:32:33 2013"
"PR Manager e-business Client Services",,5,a0f6449c-e40f-11e2-bd1c-123138171cec,1173,en,fr,,http://test.swetedemo.weblite.ca/unisync_inventory/items2.php,"Unisync Inventory","Wed Jul  3 14:32:33 2013"
"PR Corporate Manager WSIB",,4,a0f6449c-e40f-11e2-bd1c-123138171cec,1174,en,fr,,http://test.swetedemo.weblite.ca/unisync_inventory/items2.php,"Unisync Inventory","Wed Jul  3 14:32:33 2013"
"PR MGR BILLING CTRL &amp; TESTING EXCELLENCE",,6,a0f6449c-e40f-11e2-bd1c-123138171cec,1175,en,fr,,http://test.swetedemo.weblite.ca/unisync_inventory/items2.php,"Unisync Inventory","Wed Jul  3 14:32:33 2013"
"PR VP Customer Care",,4,a0f6449c-e40f-11e2-bd1c-123138171cec,1176,en,fr,,http://test.swetedemo.weblite.ca/unisync_inventory/items2.php,"Unisync Inventory","Wed Jul  3 14:32:33 2013"
"PR Analyst Sales Incentive",,4,a0f6449c-e40f-11e2-bd1c-123138171cec,1177,en,fr,,http://test.swetedemo.weblite.ca/unisync_inventory/items2.php,"Unisync Inventory","Wed Jul  3 14:32:33 2013"
"PR Mgr. Inside Sales Affiliates Support",,6,a0f6449c-e40f-11e2-bd1c-123138171cec,1178,en,fr,,http://test.swetedemo.weblite.ca/unisync_inventory/items2.php,"Unisync Inventory","Wed Jul  3 14:32:33 2013"
"PR Administrator Data Trak &amp; Quality",,5,a0f6449c-e40f-11e2-bd1c-123138171cec,1179,en,fr,,http://test.swetedemo.weblite.ca/unisync_inventory/items2.php,"Unisync Inventory","Wed Jul  3 14:32:33 2013"
"PR Manager Product Development",,4,a0f6449c-e40f-11e2-bd1c-123138171cec,1180,en,fr,,http://test.swetedemo.weblite.ca/unisync_inventory/items2.php,"Unisync Inventory","Wed Jul  3 14:32:33 2013"
"PR SPEC PROPOSAL/SALES PLAYBOOK CONTENT",,6,a0f6449c-e40f-11e2-bd1c-123138171cec,1181,en,fr,,http://test.swetedemo.weblite.ca/unisync_inventory/items2.php,"Unisync Inventory","Wed Jul  3 14:32:33 2013"
"PR Controller Customer Service Claims",,5,a0f6449c-e40f-11e2-bd1c-123138171cec,1182,en,fr,,http://test.swetedemo.weblite.ca/unisync_inventory/items2.php,"Unisync Inventory","Wed Jul  3 14:32:33 2013"
"PR GM Fleet, GSE &amp; GLH",,5,a0f6449c-e40f-11e2-bd1c-123138171cec,1183,en,fr,,http://test.swetedemo.weblite.ca/unisync_inventory/items2.php,"Unisync Inventory","Wed Jul  3 14:32:33 2013"
"PR Manager Transportation Safety",,4,a0f6449c-e40f-11e2-bd1c-123138171cec,1184,en,fr,,http://test.swetedemo.weblite.ca/unisync_inventory/items2.php,"Unisync Inventory","Wed Jul  3 14:32:33 2013"
"PR Manager Distribution &amp; Repair Centre",,5,a0f6449c-e40f-11e2-bd1c-123138171cec,1185,en,fr,,http://test.swetedemo.weblite.ca/unisync_inventory/items2.php,"Unisync Inventory","Wed Jul  3 14:32:33 2013"
"PR V.P. Finance",,4,a0f6449c-e40f-11e2-bd1c-123138171cec,1186,en,fr,,http://test.swetedemo.weblite.ca/unisync_inventory/items2.php,"Unisync Inventory","Wed Jul  3 14:32:33 2013"
"PR Director Brand &amp; Channel Partners",,5,a0f6449c-e40f-11e2-bd1c-123138171cec,1187,en,fr,,http://test.swetedemo.weblite.ca/unisync_inventory/items2.php,"Unisync Inventory","Wed Jul  3 14:32:33 2013"
"PR SPEC. CUST ANALYSIS &amp; MARGIN IMPROVE.",,6,a0f6449c-e40f-11e2-bd1c-123138171cec,1188,en,fr,,http://test.swetedemo.weblite.ca/unisync_inventory/items2.php,"Unisync Inventory","Wed Jul  3 14:32:33 2013"
"PR Manager Fuel Asset and Warranty",,6,a0f6449c-e40f-11e2-bd1c-123138171cec,1189,en,fr,,http://test.swetedemo.weblite.ca/unisync_inventory/items2.php,"Unisync Inventory","Wed Jul  3 14:32:33 2013"
"PR Support Representative Office",,4,a0f6449c-e40f-11e2-bd1c-123138171cec,1190,en,fr,,http://test.swetedemo.weblite.ca/unisync_inventory/items2.php,"Unisync Inventory","Wed Jul  3 14:32:33 2013"
"PR Specialist Intl Forwarding",,4,a0f6449c-e40f-11e2-bd1c-123138171cec,1191,en,fr,,http://test.swetedemo.weblite.ca/unisync_inventory/items2.php,"Unisync Inventory","Wed Jul  3 14:32:33 2013"
"PR DIRECTOR INSIDE SALES",,4,a0f6449c-e40f-11e2-bd1c-123138171cec,1192,en,fr,,http://test.swetedemo.weblite.ca/unisync_inventory/items2.php,"Unisync Inventory","Wed Jul  3 14:32:33 2013"
"PR Specialist Ntl Retail Partner &amp; Agent",,6,a0f6449c-e40f-11e2-bd1c-123138171cec,1193,en,fr,,http://test.swetedemo.weblite.ca/unisync_inventory/items2.php,"Unisync Inventory","Wed Jul  3 14:32:33 2013"
"PR DIRECTOR FINANCE/DECSN SUPPT.",,5,a0f6449c-e40f-11e2-bd1c-123138171cec,1194,en,fr,,http://test.swetedemo.weblite.ca/unisync_inventory/items2.php,"Unisync Inventory","Wed Jul  3 14:32:33 2013"
"PR CO-ORDINATOR OPERATIONS TECHNOLOGY",,4,a0f6449c-e40f-11e2-bd1c-123138171cec,1195,en,fr,,http://test.swetedemo.weblite.ca/unisync_inventory/items2.php,"Unisync Inventory","Wed Jul  3 14:32:33 2013"
"PR Manager International Quality&amp; Compl.",,5,a0f6449c-e40f-11e2-bd1c-123138171cec,1196,en,fr,,http://test.swetedemo.weblite.ca/unisync_inventory/items2.php,"Unisync Inventory","Wed Jul  3 14:32:33 2013"
"PR Manager Quality Assurance Process",,5,a0f6449c-e40f-11e2-bd1c-123138171cec,1197,en,fr,,http://test.swetedemo.weblite.ca/unisync_inventory/items2.php,"Unisync Inventory","Wed Jul  3 14:32:33 2013"
"PR REPRESENTATIVE INTERLINE AIR OPS",,5,a0f6449c-e40f-11e2-bd1c-123138171cec,1198,en,fr,,http://test.swetedemo.weblite.ca/unisync_inventory/items2.php,"Unisync Inventory","Wed Jul  3 14:32:33 2013"
